PLAYER,TEAM,AGE,GP,W,L,MIN,PTS,FGM,FGA,FG%,15:00,3PA,3P%,FTM,FTA,FT%,OREB,DREB,REB,AST,TOV,STL,BLK,PF,DD2,TD3,+\-
Mikal Bridges,PHX,25,82,64,18,2854,1162,458,858,53.4,115,312,36.9,131,157,83.4,74,273,347,185,68,96,36,150,0,0,576
Miles Bridges,CHA,24,80,41,39,2837,1613,596,1214,49.1,154,465,33.1,267,333,80.2,90,469,559,300,150,74,67,193,15,0,142
DeMar DeRozan,CHI,32,76,43,33,2743,2118,774,1535,50.4,50,142,35.2,520,593,87.7,56,336,392,374,181,68,24,178,6,0,77
Jayson Tatum,BOS,24,76,49,27,2731,2046,708,1564,45.3,230,651,35.3,400,469,85.3,85,524,609,334,217,75,49,174,22,0,667
Saddiq Bey,DET,23,82,23,59,2704,1321,450,1136,39.6,211,610,34.6,210,254,82.7,107,334,441,233,96,73,16,128,6,0,-499
Tyrese Haliburton,IND,22,77,26,51,2694,1181,430,909,47.3,161,389,41.4,160,190,84.2,61,250,311,628,199,134,49,121,25,0,-327
Russell Westbrook,LAL,33,78,31,47,2678,1441,548,1233,44.4,79,265,29.8,266,399,66.7,110,470,580,550,295,75,20,235,28,10,-211
Trae Young,ATL,23,76,40,36,2652,2155,711,1544,46,233,610,38.2,500,553,90.4,50,234,284,737,303,72,7,128,42,0,159
Tyrese Maxey,PHI,21,75,45,30,2650,1311,483,995,48.5,132,309,42.7,213,246,86.6,26,214,240,321,88,55,32,156,1,0,192
Dorian Finney-Smith,DAL,28,80,51,29,2644,880,326,692,47.1,172,435,39.5,56,83,67.5,122,253,375,150,80,88,39,183,1,0,241
Scottie Barnes,TOR,20,74,43,31,2617,1134,459,932,49.2,58,193,30.1,158,215,73.5,195,362,557,256,136,80,55,192,13,0,66
Harrison Barnes,SAC,29,77,27,50,2587,1265,391,834,46.9,142,360,39.4,341,413,82.6,82,350,432,186,118,53,14,94,5,0,-374
Pascal Siakam,TOR,28,68,40,28,2578,1551,596,1207,49.4,75,218,34.4,284,379,74.9,128,452,580,360,181,85,42,225,30,2,257
Julius Randle,NYK,27,72,32,40,2544,1447,512,1246,41.1,120,390,30.8,303,401,75.6,125,591,716,370,245,53,39,205,31,1,-164
Tobias Harris,PHI,29,73,45,28,2543,1257,493,1022,48.2,101,275,36.7,170,202,84.2,77,419,496,252,116,47,43,164,9,1,171
Jalen Brunson,DAL,25,79,50,29,2524,1285,506,1008,50.2,94,252,37.3,179,213,84,43,266,309,377,124,66,3,151,7,0,231
Buddy Hield,IND,29,81,26,55,2499,1265,446,1098,40.6,262,716,36.6,111,127,87.4,66,287,353,229,153,73,25,184,1,0,-164
Nikola Jokic,DEN,27,74,46,28,2476,2004,764,1311,58.3,97,288,33.7,379,468,81,206,813,1019,584,281,109,63,191,66,19,444
Karl-Anthony Towns,MIN,26,74,44,30,2475,1818,642,1214,52.9,150,366,41,384,467,82.2,194,533,727,269,226,72,83,267,40,1,275
Anthony Edwards,MIN,20,72,39,33,2466,1533,549,1245,44.1,215,602,35.7,220,280,78.6,62,281,343,275,190,105,46,164,4,0,188
Fred VanVleet,TOR,28,65,39,26,2462,1320,442,1097,40.3,242,642,37.7,194,222,87.4,44,245,289,434,170,111,35,162,10,1,212
Terry Rozier,CHA,28,73,38,35,2458,1408,518,1167,44.4,222,593,37.4,150,176,85.2,56,259,315,326,96,93,25,119,3,1,74
Gary Trent Jr.,TOR,23,70,44,26,2448,1283,450,1086,41.4,209,545,38.3,174,204,85.3,26,165,191,141,73,122,19,144,0,0,170
Darius Garland,CLE,22,68,37,31,2430,1473,542,1173,46.2,174,454,38.3,215,241,89.2,39,185,224,583,248,89,7,115,29,1,376
Franz Wagner,ORL,20,79,21,58,2429,1197,456,975,46.8,96,271,35.4,189,219,86.3,84,272,356,231,119,68,34,164,2,0,-244
LaMelo Ball,CHA,20,75,39,36,2422,1508,538,1254,42.9,220,565,38.9,212,243,87.2,108,393,501,571,245,119,30,237,23,5,99
James Harden,PHI,32,65,40,25,2420,1432,407,992,41,148,448,33,470,536,87.7,55,445,500,667,284,82,36,153,42,11,173
Nikola Vucevic,CHI,31,73,41,32,2418,1288,546,1154,47.3,104,331,31.4,92,121,76,142,662,804,236,136,70,71,181,44,0,-52
RJ Barrett,NYK,21,70,33,37,2417,1402,487,1194,40.8,138,404,34.2,290,406,71.4,66,342,408,208,151,43,16,142,4,0,-146
Royce O'Neale,UTA,28,77,46,31,2406,570,203,444,45.7,119,306,38.9,45,56,80.4,64,304,368,191,79,86,32,183,3,0,232
Keldon Johnson,SAS,22,75,33,42,2392,1278,471,1011,46.6,159,399,39.8,177,234,75.6,80,377,457,158,92,58,14,148,6,0,75
Aaron Gordon,DEN,26,75,46,29,2375,1126,434,834,52,87,260,33.5,171,230,74.3,125,314,439,188,133,44,44,148,6,0,321
Dejounte Murray,SAS,25,68,30,38,2366,1438,573,1241,46.2,96,294,32.7,196,247,79.4,80,483,563,627,180,138,23,138,39,13,49
Evan Fournier,NYK,29,80,36,44,2358,1125,402,965,41.7,241,619,38.9,80,113,70.8,34,176,210,171,105,79,20,180,0,0,-93
Patty Mills,BKN,33,81,44,37,2346,923,324,794,40.8,227,568,40,48,59,81.4,18,138,156,183,73,51,17,112,0,0,117
Devin Booker,PHX,25,68,56,12,2345,1822,662,1421,46.6,183,478,38.3,315,363,86.8,45,297,342,329,162,77,26,180,5,0,469
Reggie Jackson,LAC,31,75,38,37,2337,1263,479,1222,39.2,167,512,32.6,138,163,84.7,39,232,271,359,173,55,15,159,5,0,-70
Herbert Jones,NOP,23,78,36,42,2335,742,274,576,47.6,57,169,33.7,137,163,84,98,198,296,167,100,130,60,238,1,0,68
Evan Mobley,CLE,20,69,40,29,2331,1034,422,830,50.8,23,92,25,167,252,66.3,143,427,570,174,133,56,115,147,21,0,95
Andrew Wiggins,GSW,27,73,47,26,2330,1256,475,1019,46.6,157,399,39.3,149,235,63.4,85,240,325,161,111,76,51,158,1,0,266
Kentavious Caldwell-Pope,WAS,29,77,34,43,2329,1018,361,829,43.5,159,408,39,137,154,89,41,220,261,145,97,83,26,139,2,0,-229
Zach LaVine,CHI,27,67,37,30,2328,1635,565,1186,47.6,185,475,38.9,320,375,85.3,22,286,308,303,171,41,23,120,0,0,-26
Alec Burks,NYK,30,81,37,44,2318,944,285,728,39.1,157,389,40.4,217,264,82.2,47,350,397,239,91,85,26,215,2,0,125
Terance Mann,LAC,25,81,41,40,2317,872,334,690,48.4,76,208,36.5,128,164,78,104,321,425,209,84,55,21,178,6,0,68
Luka Doncic,DAL,23,65,44,21,2301,1847,641,1403,45.7,201,569,35.3,364,489,74.4,56,537,593,568,292,75,36,145,44,10,146
Joel Embiid,PHI,28,68,45,23,2296,2079,666,1334,49.9,93,251,37.1,654,803,81.4,146,650,796,284,214,77,99,181,46,2,368
Marcus Smart,BOS,28,71,47,24,2296,861,300,718,41.8,119,360,33.1,142,179,79.3,42,228,270,417,159,119,18,160,2,0,442
Jordan Poole,GSW,22,76,49,27,2283,1405,474,1058,44.8,211,580,36.4,246,266,92.5,34,226,260,304,187,60,23,206,2,0,325
Will Barton,DEN,31,71,41,30,2276,1043,392,896,43.8,157,430,36.5,102,127,80.3,44,296,340,276,127,55,31,114,1,0,98
Desmond Bane,MEM,23,76,53,23,2266,1384,508,1101,46.1,228,523,43.6,140,155,90.3,46,288,334,208,111,92,29,196,0,0,361
Donovan Mitchell,UTA,25,67,41,26,2266,1733,617,1376,44.8,232,654,35.5,267,313,85.3,55,227,282,358,200,99,12,164,3,0,276
Jonas Valanciunas,NOP,29,74,34,40,2240,1314,510,938,54.4,57,158,36.1,237,289,82,226,617,843,190,179,41,60,247,50,0,67
Monte Morris,DEN,26,75,44,31,2239,945,374,773,48.4,124,314,39.5,73,84,86.9,27,199,226,333,78,56,14,92,0,0,283
Jaylen Brown,BOS,25,66,43,23,2220,1559,576,1217,47.3,166,464,35.8,241,318,75.8,53,351,404,231,178,70,18,163,11,2,453
Stephen Curry,GSW,34,64,45,19,2211,1630,535,1224,43.7,285,750,38,275,298,92.3,34,301,335,404,206,85,23,130,12,2,509
Jrue Holiday,MIL,31,67,47,20,2207,1225,478,954,50.1,132,321,41.1,137,180,76.1,69,232,301,457,183,108,29,133,12,0,426
Kyle Kuzma,WAS,26,66,29,37,2204,1130,423,936,45.2,128,375,34.1,156,219,71.2,70,491,561,233,169,42,57,128,24,1,-281
Giannis Antetokounmpo,MIL,27,67,45,22,2204,2002,689,1245,55.3,71,242,29.3,553,766,72.2,134,644,778,388,219,72,91,212,46,4,397
Derrick White,BOS,27,75,40,35,2199,992,337,800,42.1,115,369,31.2,203,235,86.4,38,223,261,366,119,64,58,172,2,0,202
Kevin Huerter,ATL,23,74,40,34,2188,892,345,760,45.4,160,411,38.9,42,52,80.8,32,222,254,203,91,55,26,185,1,0,168
Devonte' Graham,NOP,27,76,34,42,2162,902,296,815,36.3,192,563,34.1,118,140,84.3,37,140,177,316,105,71,12,95,0,0,40
Tyler Herro,MIA,22,66,44,22,2151,1367,501,1122,44.7,175,439,39.9,190,219,86.8,32,297,329,263,174,44,8,95,3,0,240
CJ McCollum,NOP,30,62,28,34,2145,1370,536,1164,46,182,469,38.8,116,170,68.2,53,216,269,315,127,70,22,121,3,0,-69
Khris Middleton,MIL,30,66,44,22,2141,1325,452,1021,44.3,162,434,37.3,259,291,89,41,315,356,358,190,76,18,160,4,0,302
Jordan Clarkson,UTA,29,79,47,32,2141,1266,466,1113,41.9,190,597,31.8,144,174,82.8,67,206,273,194,129,66,16,149,1,0,383
Chris Paul,PHX,36,65,53,12,2139,958,363,736,49.3,63,199,31.7,169,202,83.7,22,261,283,702,153,121,20,134,34,2,460
Malik Monk,LAL,24,76,32,44,2138,1048,391,826,47.3,173,442,39.1,93,117,79.5,37,219,256,218,122,61,29,138,1,0,53
Jalen Green,HOU,20,67,12,55,2138,1157,406,954,42.6,157,458,34.3,188,236,79.7,33,193,226,176,135,44,18,103,0,0,-519
Domantas Sabonis,SAC,25,62,21,41,2136,1171,443,773,57.3,39,125,31.2,246,332,74.1,201,551,752,323,195,59,27,203,46,5,-14
Seth Curry,BKN,31,64,38,26,2134,960,360,739,48.7,158,374,42.2,82,94,87.2,21,179,200,230,109,53,14,148,1,0,193
Kyle Lowry,MIA,36,63,41,22,2133,844,276,627,44,144,382,37.7,148,174,85.1,33,249,282,474,168,67,17,177,16,2,250
Bojan Bogdanovic,UTA,32,69,45,24,2131,1248,422,928,45.5,181,468,38.7,223,260,85.8,58,238,296,120,118,34,1,116,3,0,219
Jaren Jackson Jr.,MEM,22,78,53,25,2126,1272,430,1036,41.5,128,401,31.9,284,345,82.3,119,335,454,86,130,73,177,272,7,0,361
Rudy Gobert,UTA,29,66,42,24,2120,1027,362,508,71.3,0,4,0,303,439,69,241,727,968,72,119,45,137,176,53,0,417
Ayo Dosunmu,CHI,22,77,42,35,2110,679,278,535,52,70,186,37.6,53,78,67.9,27,187,214,256,108,60,29,182,4,0,-199
Christian Wood,HOU,26,68,19,49,2094,1218,440,878,50.1,131,336,39,207,332,62.3,110,576,686,155,126,54,65,171,33,0,-406
Cade Cunningham,DET,20,64,20,44,2088,1114,429,1031,41.6,114,363,31.4,142,168,84.5,58,296,354,356,234,78,43,200,10,2,-275
LeBron James,LAL,37,56,25,31,2084,1695,640,1221,52.4,161,448,35.9,254,336,75.6,63,396,459,349,196,73,59,121,21,6,-117
De'Aaron Fox,SAC,24,59,22,37,2083,1367,516,1092,47.3,74,249,29.7,261,348,75,25,206,231,330,168,68,25,172,5,0,-192
D'Angelo Russell,MIN,26,65,39,26,2077,1176,401,975,41.1,176,518,34,198,240,82.5,25,191,216,460,165,62,22,130,12,0,210
Davion Mitchell,SAC,23,75,28,47,2076,861,352,843,41.8,101,320,31.6,56,85,65.9,33,133,166,313,114,55,24,141,3,0,-275
Cole Anthony,ORL,21,65,18,47,2059,1062,357,912,39.1,132,391,33.8,216,253,85.4,32,316,348,369,170,46,17,171,9,0,-231
Mike Conley,UTA,34,72,44,28,2058,986,344,791,43.5,169,414,40.8,129,162,79.6,47,170,217,385,123,96,21,142,2,0,347
Justin Holiday,SAC,33,74,25,49,2057,749,261,662,39.4,177,482,36.7,50,62,80.6,29,161,190,128,70,57,33,154,0,0,-206
Jae'Sean Tate,HOU,26,78,19,59,2056,919,363,729,49.8,63,202,31.2,130,184,70.7,135,285,420,222,139,72,41,286,7,0,-404
Kevin Durant,BKN,33,55,36,19,2047,1643,578,1115,51.8,115,300,38.3,372,409,91,29,378,407,351,191,48,52,113,18,4,269
Duncan Robinson,MIA,27,79,52,27,2043,863,290,726,39.9,232,624,37.2,51,61,83.6,24,179,203,129,60,42,14,201,0,0,106
Clint Capela,ATL,27,74,40,34,2042,820,370,604,61.3,0,1,0,80,169,47.3,279,598,877,92,44,55,93,166,35,0,127
Bobby Portis,MIL,27,72,46,26,2028,1052,417,871,47.9,133,338,39.3,85,113,75.2,180,477,657,86,90,53,51,174,24,0,314
Al Horford,BOS,35,69,46,23,2005,701,266,569,46.7,89,265,33.6,80,95,84.2,108,422,530,232,65,49,92,130,15,0,386
Kelly Oubre Jr.,CHA,26,76,39,37,1999,1137,410,932,44,191,553,34.5,126,189,66.7,79,223,302,84,67,77,31,189,1,0,-26
Steven Adams,MEM,28,76,51,25,1999,528,210,384,54.7,0,1,0,108,199,54.3,349,411,760,256,115,65,60,153,14,0,353
Deni Avdija,WAS,21,82,35,47,1984,685,250,579,43.2,82,259,31.7,103,136,75.7,52,373,425,167,87,59,44,190,3,0,-63
Isaac Okoro,CLE,21,67,34,33,1981,588,207,431,48,55,157,35,119,155,76.8,72,129,201,121,58,56,22,164,0,0,99
P.J. Tucker,MIA,36,71,45,26,1981,539,207,428,48.4,80,193,41.5,45,61,73.8,100,287,387,149,66,58,15,161,5,0,230
Spencer Dinwiddie,DAL,29,67,38,29,1980,919,306,735,41.6,112,330,33.9,195,252,77.4,45,234,279,346,104,44,13,150,7,1,-47
Malik Beasley,MIN,25,79,46,33,1976,953,332,850,39.1,240,637,37.7,49,60,81.7,26,201,227,116,43,43,12,88,0,0,82
Jakob Poeltl,SAS,26,68,30,38,1970,915,410,663,61.8,1,1,100,94,190,49.5,262,372,634,189,109,45,118,212,28,0,117
Shai Gilgeous-Alexander,OKC,23,56,16,40,1942,1371,477,1052,45.3,89,297,30,328,405,81,37,241,278,331,154,71,46,142,6,1,-264
Robert Covington,LAC,31,71,34,37,1939,604,209,498,42,128,339,37.8,58,69,84.1,59,332,391,92,75,103,91,190,1,0,38
Devin Vassell,SAS,21,71,29,42,1937,872,326,764,42.7,137,380,36.1,83,99,83.8,44,262,306,136,58,76,41,143,1,0,32
Jimmy Butler,MIA,32,57,38,19,1931,1219,398,829,48,27,116,23.3,396,455,87,102,234,336,312,121,94,27,88,12,4,245
Darius Bazley,OKC,21,69,19,50,1924,745,274,649,42.2,80,269,29.7,117,170,68.8,71,365,436,97,90,58,70,68,7,0,-472
Luke Kennard,LAC,25,70,35,35,1919,833,287,639,44.9,190,423,44.9,69,77,89.6,20,209,229,146,60,42,6,101,1,0,184
Kevin Porter Jr.,HOU,21,61,16,45,1907,949,335,808,41.5,155,413,37.5,124,193,64.2,43,224,267,376,192,69,22,156,10,1,-281
Reggie Bullock,DAL,31,68,44,24,1902,583,201,501,40.1,141,392,36,40,48,83.3,33,208,241,83,40,41,14,111,0,0,270
Ja Morant,MEM,22,57,36,21,1889,1564,580,1177,49.3,88,256,34.4,316,415,76.1,77,248,325,384,196,66,22,86,10,1,189
Jae Crowder,PHX,31,67,54,13,1886,632,217,544,39.9,127,365,34.8,71,90,78.9,30,324,354,124,55,95,30,173,1,0,395
Jarred Vanderbilt,MIN,23,74,41,33,1881,512,212,361,58.7,2,14,14.3,86,131,65.6,215,409,624,94,73,99,46,181,8,0,163
Lauri Markkanen,CLE,24,61,32,29,1878,900,313,703,44.5,136,380,35.8,138,159,86.8,59,286,345,81,54,45,30,130,3,0,172
Grant Williams,BOS,23,77,49,28,1875,602,205,432,47.5,106,258,41.1,86,95,90.5,64,210,274,78,62,38,57,186,1,0,146
Brandon Ingram,NOP,24,55,29,26,1869,1246,453,983,46.1,74,226,32.7,266,322,82.6,35,285,320,307,151,34,26,119,7,0,123
Cody Martin,CHA,26,71,41,30,1866,544,204,423,48.2,61,159,38.4,75,107,70.1,82,203,285,179,61,88,32,116,0,0,-25
Ivica Zubac,LAC,25,76,40,36,1852,785,310,495,62.6,0,0,0,165,227,72.7,217,427,644,120,114,36,77,203,25,0,-130
Wendell Carter Jr.,ORL,22,62,16,46,1852,931,359,684,52.5,70,214,32.7,143,207,69.1,139,509,648,171,117,36,43,169,33,0,-135
Jeff Green,DEN,35,75,44,31,1849,772,277,529,52.4,53,168,31.5,165,198,83.3,41,190,231,96,71,28,27,151,1,0,59
Bogdan Bogdanovic,ATL,29,63,33,30,1849,950,342,794,43.1,169,459,36.8,97,115,84.3,29,221,250,194,70,68,14,132,0,0,192
Mitchell Robinson,NYK,24,72,32,40,1848,610,261,343,76.1,0,0,0,88,181,48.6,295,322,617,38,60,58,133,195,20,0,-79
Dennis Schroder,HOU,28,64,32,32,1837,867,312,724,43.1,86,250,34.4,157,184,85.3,34,180,214,296,143,53,8,154,1,0,-34
Bam Adebayo,MIA,24,56,36,20,1825,1068,406,729,55.7,0,6,0,256,340,75.3,137,427,564,190,148,80,44,171,27,0,300
Mo Bamba,ORL,23,71,19,52,1824,756,296,617,48,107,281,38.1,57,73,78.1,148,424,572,85,77,38,118,182,20,0,-373
Isaiah Stewart,DET,20,71,21,50,1816,589,250,490,51,15,46,32.6,74,103,71.8,226,391,617,82,85,22,78,211,12,0,-367
Jarrett Allen,CLE,23,56,35,21,1810,904,369,545,67.7,1,10,10,165,233,70.8,192,410,602,92,94,44,75,97,32,0,135
Grayson Allen,MIL,26,66,43,23,1805,733,255,569,44.8,159,389,40.9,64,74,86.5,32,190,222,100,43,46,18,96,0,0,233
Robert Williams III,BOS,24,61,40,21,1804,607,271,368,73.6,0,1,0,65,90,72.2,238,350,588,121,63,56,134,137,25,1,370
Jaden McDaniels,MIN,21,70,40,30,1803,647,255,554,46,80,252,31.7,57,71,80.3,76,217,293,79,75,52,54,224,0,0,2
Immanuel Quickley,NYK,22,78,35,43,1802,882,284,724,39.2,137,396,34.6,177,201,88.1,31,216,247,275,99,54,3,167,4,2,264
Corey Kispert,WAS,23,77,31,46,1801,634,234,514,45.5,112,320,35,54,62,87.1,53,156,209,85,50,35,22,93,0,0,38
Dwight Powell,DAL,30,82,52,30,1798,717,269,401,67.1,13,37,35.1,166,212,78.3,173,231,404,97,64,37,39,220,2,0,74
Carmelo Anthony,LAL,37,69,27,42,1793,919,319,723,44.1,149,397,37.5,132,159,83,62,226,288,68,59,47,52,166,1,0,-88
Mason Plumlee,CHA,32,73,40,33,1793,477,205,320,64.1,0,2,0,67,171,39.2,176,389,565,226,100,61,52,224,7,0,5
Josh Hart,POR,27,54,20,34,1791,807,287,569,50.4,73,213,34.3,160,211,75.8,62,326,388,224,114,61,13,150,12,0,-198
Caris LeVert,CLE,27,58,23,35,1780,986,379,854,44.4,82,256,32,146,193,75.6,43,171,214,248,108,51,23,131,1,0,-62
Bruce Brown,BKN,25,72,37,35,1774,647,256,506,50.6,38,94,40.4,97,128,75.8,100,245,345,148,56,77,52,176,1,0,-45
P.J. Washington,CHA,23,65,33,32,1768,668,250,532,47,110,301,36.5,58,81,71.6,82,255,337,147,82,57,61,152,3,0,141
Chuma Okeke,ORL,23,70,21,49,1749,605,216,575,37.6,118,371,31.8,55,65,84.6,47,300,347,118,57,97,42,95,3,0,-315
Georges Niang,PHI,28,76,48,28,1736,700,246,563,43.7,156,387,40.3,52,59,88.1,25,178,203,102,59,30,13,190,0,0,67
Kevon Looney,GSW,26,82,53,29,1732,491,208,364,57.1,0,1,0,75,125,60,208,388,596,165,67,50,52,215,5,0,168
Gary Harris,ORL,27,61,16,45,1730,679,240,553,43.4,116,302,38.4,83,95,87.4,36,86,122,108,61,59,9,112,0,0,-209
Cameron Johnson,PHX,26,66,50,16,1730,822,279,607,46,166,391,42.5,98,114,86,42,231,273,99,47,57,16,113,0,0,219
OG Anunoby,TOR,24,48,31,17,1728,822,309,697,44.3,115,317,36.3,89,118,75.4,74,190,264,125,80,71,25,131,3,0,135
Precious Achiuwa,TOR,22,73,46,27,1725,664,265,603,43.9,56,156,35.9,78,131,59.5,146,327,473,82,84,37,41,151,6,0,72
Deandre Ayton,PHX,23,58,46,12,1713,997,442,697,63.4,7,19,36.8,106,142,74.6,149,444,593,84,91,40,40,142,30,0,344
Garrison Mathews,HOU,25,65,19,46,1712,650,184,461,39.9,139,386,36,143,180,79.4,32,158,190,64,41,57,24,168,0,0,-218
Josh Giddey,OKC,19,54,17,37,1700,674,281,670,41.9,56,213,26.3,56,79,70.9,98,323,421,345,171,51,20,88,16,4,-299
Pat Connaughton,MIL,29,65,41,24,1691,645,227,496,45.8,146,370,39.5,45,54,83.3,45,228,273,82,35,59,15,86,0,0,-26
Chris Boucher,TOR,29,80,48,32,1690,754,268,577,46.4,68,229,29.7,150,193,77.7,179,315,494,25,42,49,75,174,10,0,189
Matisse Thybulle,PHI,25,66,43,23,1685,379,150,300,50,45,144,31.3,34,43,79.1,42,109,151,75,39,115,71,158,0,0,87
Anfernee Simons,POR,22,57,25,32,1681,988,353,797,44.3,179,442,40.5,103,116,88.8,26,125,151,221,115,30,6,110,2,0,-85
Coby White,CHI,22,61,32,29,1675,772,279,644,43.3,136,353,38.5,78,91,85.7,17,165,182,176,70,29,11,137,1,0,-34
Danilo Gallinari,ATL,33,66,35,31,1672,771,259,597,43.4,112,294,38.1,141,156,90.4,35,273,308,101,38,28,12,93,2,0,107
Eric Gordon,HOU,33,57,19,38,1670,765,268,564,47.5,124,301,41.2,105,135,77.8,15,98,113,154,107,28,18,63,0,0,-176
Luguentz Dort,OKC,22,51,17,34,1665,877,293,726,40.4,130,391,33.2,161,191,84.3,38,174,212,88,88,46,18,149,0,0,-295
Kevin Love,CLE,33,74,38,36,1665,1007,327,761,43,187,477,39.2,166,198,83.8,87,449,536,160,98,26,18,101,15,0,95
John Collins,ATL,24,54,26,28,1663,876,339,644,52.6,64,176,36.4,134,169,79.3,93,329,422,98,60,33,56,164,16,0,36
De'Anthony Melton,MEM,23,73,49,24,1657,791,281,695,40.4,139,372,37.4,90,120,75,64,264,328,194,112,104,39,128,2,0,221
Kenyon Martin Jr.,HOU,21,79,20,59,1656,696,279,523,53.3,60,168,35.7,78,123,63.4,80,217,297,101,60,34,40,113,2,0,-238
Killian Hayes,DET,20,66,21,45,1647,453,176,459,38.3,44,167,26.3,57,74,77,36,174,210,277,111,78,35,183,2,0,-367
Montrezl Harrell,CHA,28,71,36,35,1640,932,358,555,64.5,4,17,23.5,212,296,71.6,149,282,431,145,72,29,43,137,7,0,84
Lonnie Walker IV,SAS,23,70,27,43,1612,849,311,764,40.7,111,353,31.4,116,148,78.4,18,163,181,152,71,44,19,98,0,0,-80
Cory Joseph,DET,30,65,19,46,1600,521,178,400,44.5,65,157,41.4,100,113,88.5,29,145,174,237,85,42,17,147,0,0,-204
Josh Richardson,SAS,28,65,38,27,1600,666,234,534,43.8,102,246,41.5,96,108,88.9,42,143,185,115,66,56,29,116,0,0,138
Torrey Craig,PHX,31,78,36,42,1596,516,200,441,45.4,77,234,32.9,39,52,75,86,224,310,91,67,46,36,151,3,0,-184
Gabe Vincent,MIA,25,68,47,21,1589,591,214,513,41.7,119,323,36.8,44,54,81.5,22,104,126,210,98,62,12,158,0,0,99
Max Strus,MIA,26,68,46,22,1587,721,249,564,44.1,181,442,41,42,53,79.2,24,178,202,92,57,28,16,116,0,0,171
Jusuf Nurkic,POR,27,56,25,31,1578,842,321,600,53.5,15,56,26.8,185,268,69,167,452,619,157,143,62,34,189,30,0,13
De'Andre Hunter,ATL,24,53,28,25,1577,709,254,575,44.2,74,195,37.9,127,166,76.5,26,150,176,68,69,36,21,155,2,0,28
Amir Coffey,LAC,24,69,33,36,1567,619,211,466,45.3,96,254,37.8,101,117,86.3,26,171,197,124,45,38,15,87,1,0,-47
Marcus Morris Sr.,LAC,32,54,26,28,1564,830,300,691,43.4,101,275,36.7,129,148,87.2,26,213,239,113,69,28,18,115,2,0,-143
Oshae Brissett,IND,23,67,19,48,1564,613,208,506,41.1,83,237,35,114,164,69.5,108,250,358,72,54,44,29,116,5,0,-220
Gordon Hayward,CHA,32,49,26,23,1564,778,283,617,45.9,86,220,39.1,126,149,84.6,38,186,224,177,81,47,22,85,1,0,-20
Tyus Jones,MEM,25,73,51,22,1549,632,249,552,45.1,80,205,39,54,66,81.8,17,159,176,324,46,66,2,32,2,0,255
Chris Duarte,IND,24,55,21,34,1541,720,268,621,43.2,94,255,36.9,90,112,80.4,41,185,226,114,90,56,10,95,0,0,-53
Trey Lyles,SAC,26,75,19,56,1536,786,262,562,46.6,67,209,32.1,195,243,80.2,89,290,379,88,73,29,32,123,3,0,-228
Javonte Green,CHI,28,65,38,27,1519,468,176,325,54.2,36,101,35.6,80,96,83.3,91,185,276,60,30,67,32,132,0,0,20
Talen Horton-Tucker,LAL,21,60,23,37,1511,597,224,538,41.6,49,182,26.9,100,125,80,37,156,193,159,82,59,29,148,1,0,-90
Jerami Grant,DET,28,47,11,36,1500,904,298,699,42.6,91,254,35.8,217,259,83.8,28,163,191,111,85,44,49,107,1,0,-219
Alperen Sengun,HOU,19,72,18,54,1489,692,249,525,47.4,29,117,24.8,165,232,71.1,138,255,393,185,145,59,68,214,8,0,-309
Kyle Anderson,MEM,28,69,46,23,1484,521,209,469,44.6,36,109,33,67,105,63.8,69,299,368,183,71,77,45,108,2,0,59
Kristaps Porzingis,WAS,26,51,26,25,1481,1030,352,767,45.9,78,252,31,248,286,86.7,102,309,411,119,81,37,84,137,15,0,33
Austin Rivers,DEN,29,67,41,26,1480,403,146,350,41.7,79,231,34.2,32,44,72.7,19,95,114,90,54,51,6,121,0,0,53
Patrick Beverley,MIN,33,58,33,25,1476,533,177,436,40.6,83,242,34.3,96,133,72.2,62,178,240,268,73,67,52,174,2,0,112
Nickeil Alexander-Walker,UTA,23,65,29,36,1466,692,253,680,37.2,105,338,31.1,81,109,74.3,37,150,187,156,93,46,23,103,2,0,-112
Nicolas Batum,LAC,33,59,31,28,1463,491,179,387,46.3,108,270,40,25,38,65.8,29,225,254,100,40,58,42,80,0,0,-128
Cedi Osman,CLE,27,66,37,29,1462,709,247,572,43.2,128,359,35.7,87,131,66.4,25,121,146,135,67,52,10,127,0,0,-57
Norman Powell,LAC,28,45,15,30,1458,853,279,605,46.1,106,253,41.9,189,233,81.1,20,125,145,96,69,42,21,106,0,0,-220
Delon Wright,ATL,29,77,42,35,1453,342,122,269,45.4,44,116,37.9,54,63,85.7,50,170,220,188,45,93,19,56,0,0,60
Maxi Kleber,DAL,30,59,36,23,1450,411,141,354,39.8,83,255,32.5,46,65,70.8,70,280,350,68,47,30,58,137,2,0,120
Terrence Ross,ORL,31,63,14,49,1448,629,220,554,39.7,77,264,29.2,112,130,86.2,20,141,161,116,75,28,12,68,0,0,-348
Daniel Gafford,WAS,23,72,30,42,1444,677,285,411,69.3,0,1,0,107,153,69.9,155,252,407,68,65,30,99,170,8,0,-210
Bradley Beal,WAS,28,40,17,23,1439,928,348,771,45.1,63,210,30,169,203,83.3,38,151,189,265,135,36,15,95,4,0,-102
Landry Shamet,PHX,25,69,53,16,1437,573,191,485,39.4,123,334,36.8,68,81,84,16,110,126,108,41,28,9,92,0,0,137
Andre Drummond,BKN,28,73,42,31,1437,580,247,433,57,0,3,0,86,164,52.4,229,451,680,131,115,78,68,192,18,0,39
Austin Reaves,LAL,23,61,28,33,1418,444,146,318,45.9,53,167,31.7,99,118,83.9,45,148,193,110,40,29,20,87,1,1,54
Furkan Korkmaz,PHI,24,67,44,23,1414,509,182,470,38.7,77,266,28.9,68,84,81,22,153,175,127,48,33,9,58,1,0,31
Avery Bradley,LAL,31,62,27,35,1406,394,148,350,42.3,82,210,39,16,18,88.9,31,105,136,47,38,53,9,118,0,0,-181
Anthony Davis,LAL,29,40,17,23,1404,927,370,695,53.2,13,70,18.6,174,244,71.3,106,288,394,122,82,49,90,97,19,0,-92
R.J. Hampton,ORL,21,64,15,49,1402,489,175,457,38.3,64,183,35,75,117,64.1,23,171,194,158,87,42,13,101,0,0,-415
Jaxson Hayes,NOP,21,70,29,41,1398,654,245,398,61.6,20,57,35.1,144,188,76.6,115,200,315,43,54,33,55,155,4,0,22
Otto Porter Jr.,GSW,28,63,41,22,1395,515,193,416,46.4,80,216,37,49,61,80.3,86,276,362,94,37,68,29,83,5,0,231
Caleb Martin,MIA,26,60,37,23,1372,551,208,410,50.7,64,155,41.3,71,93,76.3,70,160,230,64,52,58,30,104,1,0,157
Raul Neto,WAS,29,70,29,41,1372,526,204,441,46.3,35,120,29.2,83,108,76.9,13,121,134,217,79,55,3,104,0,0,-87
Tre Mann,OKC,21,60,17,43,1367,625,231,588,39.3,98,272,36,65,82,79.3,25,146,171,91,71,47,12,102,0,0,-278
Eric Bledsoe,POR,32,54,27,27,1361,534,197,468,42.1,51,163,31.3,89,117,76.1,28,154,182,225,116,69,19,85,2,0,-40
Danny Green,PHI,34,62,37,25,1353,366,126,320,39.4,103,271,38,11,14,78.6,32,125,157,64,45,60,37,105,0,0,80
Ziaire Williams,MEM,20,62,41,21,1346,501,191,424,45,76,242,31.4,43,55,78.2,26,103,129,65,41,35,12,113,0,0,122
Josh Christopher,HOU,20,74,18,56,1334,587,224,500,44.8,56,189,29.6,83,113,73.5,52,134,186,150,114,65,13,97,0,0,-272
Draymond Green,GSW,32,46,34,12,1329,346,135,257,52.5,16,54,29.6,60,91,65.9,45,291,336,320,139,61,50,136,4,1,191
Bones Hyland,DEN,21,69,41,28,1310,698,230,571,40.3,131,358,36.6,107,125,85.6,14,174,188,191,86,41,20,153,1,0,42
Jalen Suggs,ORL,20,48,16,32,1307,564,198,548,36.1,42,196,21.4,126,163,77.3,26,145,171,209,143,59,19,142,2,0,-206
John Konchar,MEM,26,72,48,24,1292,349,135,262,51.5,52,126,41.3,27,49,55.1,87,242,329,109,29,45,22,90,3,1,92
Bryn Forbes,DEN,28,75,36,39,1286,663,231,539,42.9,122,295,41.4,79,87,90.8,10,83,93,75,56,25,5,95,0,0,25
Ben McLemore,POR,29,64,20,44,1285,655,216,539,40.1,151,417,36.2,72,88,81.8,12,91,103,59,55,38,10,103,0,0,-352
Chimezie Metu,SAC,25,60,23,37,1279,534,203,449,45.2,57,186,30.6,71,91,78,34,301,335,60,61,51,32,93,6,0,-155
Cameron Payne,PHX,27,58,46,12,1278,626,240,587,40.9,71,211,33.6,75,89,84.3,24,151,175,282,103,40,17,119,3,0,148
Hamidou Diallo,DET,23,58,14,44,1269,636,261,526,49.6,23,93,24.7,91,140,65,69,208,277,73,58,71,17,143,5,0,-211
Damion Lee,GSW,29,63,41,22,1257,467,169,383,44.1,63,187,33.7,66,75,88,27,176,203,63,38,39,6,95,0,0,94
George Hill,MIL,35,54,36,18,1253,334,118,275,42.9,41,134,30.6,57,62,91.9,38,117,155,120,41,42,6,70,0,0,313
Gary Payton II,GSW,29,71,47,24,1248,502,212,344,61.6,43,120,35.8,35,58,60.3,72,175,247,64,40,96,22,131,1,0,179
Brandon Clarke,MEM,25,64,44,20,1246,666,288,447,64.4,5,22,22.7,85,130,65.4,135,207,342,86,34,39,68,122,4,0,176
Tim Hardaway Jr.,DAL,30,42,24,18,1245,598,209,530,39.4,102,304,33.6,78,103,75.7,13,143,156,92,34,38,6,74,0,0,36
Drew Eubanks,POR,25,71,19,52,1245,546,221,371,59.6,5,23,21.7,99,130,76.2,130,252,382,85,81,31,40,122,7,0,-326
Myles Turner,IND,26,42,15,27,1235,540,200,393,50.9,61,183,33.3,79,105,75.2,65,232,297,44,54,28,118,119,9,0,-14
Aleksej Pokusevski,OKC,20,61,19,42,1233,464,186,456,40.8,57,197,28.9,35,50,70,73,245,318,131,94,39,38,88,5,1,-44
Obi Toppin,NYK,24,72,32,40,1230,648,251,473,53.1,52,169,30.8,94,124,75.8,69,199,268,77,56,25,33,102,3,0,165
Doug McDermott,SAS,30,51,21,30,1223,578,215,465,46.2,108,256,42.2,40,51,78.4,18,97,115,64,43,13,6,79,0,0,-38
Isaiah Hartenstein,LAC,23,68,37,31,1216,563,229,366,62.6,14,30,46.7,91,132,68.9,117,215,332,160,84,50,77,167,2,0,169
Naz Reid,MIN,22,77,42,35,1215,637,233,476,48.9,57,166,34.3,114,149,76.5,102,199,301,71,82,40,71,172,4,0,-92
Lonzo Ball,CHI,24,35,22,13,1212,455,162,383,42.3,110,260,42.3,21,28,75,35,155,190,178,82,64,31,85,3,1,81
Aaron Wiggins,OKC,23,50,13,37,1209,416,156,337,46.3,42,138,30.4,62,85,72.9,51,127,178,68,54,30,10,93,0,0,-235
Malcolm Brogdon,IND,29,36,14,22,1206,687,243,543,44.8,58,186,31.2,143,167,85.6,33,152,185,212,77,30,14,71,6,1,0
James Johnson,BKN,35,62,30,32,1191,340,144,307,46.9,23,85,27.1,29,55,52.7,51,164,215,130,48,30,34,162,1,0,-59
Jordan Nwora,MIL,23,62,34,28,1185,487,186,462,40.3,79,227,34.8,36,43,83.7,37,184,221,59,57,25,17,78,3,0,-77
Jonathan Kuminga,GSW,19,70,44,26,1185,652,236,460,51.3,50,149,33.6,130,190,68.4,54,180,234,64,74,31,22,146,2,0,35
Facundo Campazzo,DEN,31,65,38,27,1184,332,107,296,36.1,58,193,30.1,60,78,76.9,23,94,117,220,67,63,23,124,2,0,-212
Shake Milton,PHI,25,55,34,21,1179,450,173,403,42.9,43,133,32.3,61,73,83.6,30,112,142,139,44,28,17,99,0,0,-29
Taurean Prince,MIN,28,69,40,29,1177,502,177,390,45.4,86,229,37.6,62,82,75.6,26,148,174,68,53,47,23,116,0,0,-5
Cam Thomas,BKN,20,67,32,35,1176,570,218,503,43.3,47,174,27,87,105,82.9,16,145,161,78,55,33,8,66,0,0,-139
CJ Elleby,POR,21,58,17,41,1174,339,121,308,39.3,37,126,29.4,60,84,71.4,66,161,227,87,56,35,19,116,0,0,-348
JaVale McGee,PHX,34,74,57,17,1172,680,288,458,62.9,2,9,22.2,102,146,69.9,163,333,496,42,98,22,81,181,10,0,120
Frank Jackson,DET,23,53,9,44,1164,560,194,483,40.2,86,279,30.8,86,104,82.7,19,68,87,55,38,27,9,89,0,0,-185
Hassan Whiteside,UTA,32,65,40,25,1162,534,215,330,65.2,0,0,0,104,167,62.3,166,328,494,26,53,22,103,179,14,0,230
Tre Jones,SAS,22,69,32,37,1148,413,166,339,49,10,51,19.6,71,91,78,29,126,155,233,46,42,7,78,3,0,-16
Alex Caruso,CHI,28,41,24,17,1147,304,102,256,39.8,42,126,33.3,58,73,79.5,33,115,148,165,57,71,15,106,1,0,110
Marvin Bagley III,DET,23,48,17,31,1146,540,225,446,50.4,23,97,23.7,67,101,66.3,105,233,338,36,39,22,18,93,7,0,-132
Nemanja Bjelica,GSW,33,71,48,23,1142,433,160,342,46.8,54,149,36.2,59,81,72.8,62,232,294,159,87,41,26,128,3,0,130
Ish Smith,WAS,33,65,27,38,1126,410,185,430,43,25,67,37.3,15,24,62.5,25,115,140,244,78,47,23,78,1,0,-155
Joe Ingles,POR,34,45,28,17,1122,325,115,285,40.4,78,225,34.7,17,22,77.3,12,119,131,158,46,23,5,82,0,0,186
Garrett Temple,NOP,35,59,23,36,1098,309,111,295,37.6,59,185,31.9,28,41,68.3,29,114,143,74,42,43,23,81,0,0,-326
Stanley Johnson,LAL,25,48,16,32,1094,320,117,251,46.6,33,105,31.4,53,74,71.6,34,121,155,80,35,43,14,109,0,0,-49
Kyrie Irving,BKN,30,29,14,15,1092,796,289,616,46.9,100,239,41.8,118,129,91.5,16,111,127,167,73,41,17,81,2,0,121
Nassir Little,POR,22,42,19,23,1088,410,145,315,46,51,154,33.1,69,94,73.4,58,178,236,54,40,25,36,82,3,0,-23
Jeremiah Robinson-Earl,OKC,21,49,15,34,1087,366,134,324,41.4,58,165,35.2,40,54,74.1,75,199,274,49,39,29,15,75,3,0,-238
JaMychal Green,DEN,31,67,36,31,1085,432,159,327,48.6,33,124,26.6,81,93,87.1,81,200,281,59,57,43,26,158,1,0,-89
Paul George,LAC,31,31,18,13,1077,754,268,636,42.1,91,257,35.4,127,148,85.8,12,201,213,176,126,67,13,74,7,0,92
Richaun Holmes,SAC,28,45,16,29,1074,468,198,300,66,2,5,40,70,90,77.8,93,224,317,48,56,17,41,128,8,0,-136
Kenrich Williams,OKC,27,49,17,32,1072,363,146,317,46.1,41,121,33.9,30,55,54.5,75,145,220,108,46,44,10,81,0,0,25
Dewayne Dedmon,MIA,32,67,43,24,1065,422,164,290,56.6,19,47,40.4,75,100,75,105,281,386,47,70,24,42,174,3,0,48
Damian Lillard,POR,31,29,12,17,1056,695,222,552,40.2,92,284,32.4,159,181,87.8,13,107,120,212,83,17,11,37,8,0,-30
Troy Brown Jr.,CHI,22,66,37,29,1055,283,108,258,41.9,47,133,35.3,20,26,76.9,39,164,203,66,26,36,5,62,1,0,-44
LaMarcus Aldridge,BKN,36,47,26,21,1050,607,252,458,55,14,46,30.4,89,102,87.3,73,185,258,42,44,14,47,78,2,0,19
Larry Nance Jr.,NOP,29,46,19,27,1040,321,129,247,52.2,23,70,32.9,40,57,70.2,72,176,248,81,37,43,20,84,0,0,-60
Josh Green,DAL,21,67,44,23,1039,319,130,256,50.8,28,78,35.9,31,45,68.9,52,109,161,79,44,45,14,115,1,0,70
Rudy Gay,UTA,35,55,34,21,1038,446,157,379,41.4,70,203,34.5,62,79,78.5,55,187,242,56,47,25,19,95,0,0,183
DeAndre' Bembry,MIL,27,56,31,25,1026,284,124,221,56.1,15,36,41.7,21,35,60,42,121,163,66,31,49,25,113,0,0,-27
Aaron Holiday,PHX,25,63,34,29,1021,400,151,338,44.7,39,103,37.9,59,68,86.8,24,98,122,153,67,42,9,92,0,0,-39
Damian Jones,SAC,26,56,19,37,1017,454,175,266,65.8,10,29,34.5,94,131,71.8,75,171,246,69,59,26,47,130,2,0,-174
Lamar Stevens,CLE,24,63,35,28,1015,383,156,319,48.9,18,65,27.7,53,75,70.7,47,117,164,44,41,31,18,106,0,0,-40
Cam Reddish,NYK,22,49,20,29,1012,497,165,408,40.4,66,184,35.9,101,112,90.2,25,80,105,48,57,47,15,60,0,0,-217
Donte DiVincenzo,SAC,25,42,21,21,1005,380,118,336,35.1,74,218,33.9,70,83,84.3,40,130,170,118,72,48,8,69,0,0,-75
Wesley Matthews,MIL,35,49,33,16,1002,249,87,220,39.5,53,157,33.8,22,28,78.6,30,62,92,36,18,23,8,87,0,0,139
Payton Pritchard,BOS,24,71,46,25,1001,442,160,373,42.9,101,245,41.2,21,21,100,32,102,134,139,41,25,6,61,0,0,64
Juan Toscano-Anderson,GSW,29,73,51,22,994,298,115,235,48.9,28,87,32.2,40,70,57.1,28,148,176,127,68,48,17,115,0,0,46
Onyeka Okongwu,ATL,21,48,26,22,992,392,156,226,69,0,0,0,80,110,72.7,115,168,283,53,44,31,60,149,1,0,110
Khem Birch,TOR,29,55,34,21,991,247,97,200,48.5,0,14,0,53,71,74.6,122,117,239,56,29,30,26,104,0,0,21
Kessler Edwards,BKN,21,48,22,26,987,284,110,267,41.2,48,136,35.3,16,19,84.2,44,128,172,31,42,29,24,85,1,0,-60
Dean Wade,CLE,25,51,27,24,980,269,99,217,45.6,51,142,35.9,20,30,66.7,31,119,150,52,16,29,7,88,1,0,37
Daniel Theis,BOS,30,47,20,27,977,384,151,291,51.9,33,107,30.8,49,72,68.1,59,169,228,41,46,20,31,111,3,0,-88
Jaylen Nowell,MIN,22,62,37,25,975,527,196,413,47.5,63,160,39.4,72,92,78.3,22,101,123,130,36,27,10,73,0,0,70
Nic Claxton,BKN,22,47,24,23,974,410,178,264,67.4,0,0,0,54,93,58.1,91,173,264,43,38,24,51,110,4,0,-29
Dwight Howard,LAL,36,60,21,39,971,372,134,219,61.2,8,15,53.3,96,146,65.8,118,238,356,35,47,34,36,115,5,0,-128
Ricky Rubio,IND,31,34,20,14,970,445,149,411,36.3,59,174,33.9,88,103,85.4,15,126,141,225,90,49,7,75,5,0,184
Duane Washington Jr.,IND,22,48,12,36,968,473,173,427,40.5,81,215,37.7,46,61,75.4,4,79,83,85,57,26,3,66,0,0,-125
Joshua Primo,SAS,19,50,22,28,965,288,101,270,37.4,42,137,30.7,44,59,74.6,32,81,113,81,57,20,23,79,0,0,-81
Moritz Wagner,ORL,24,63,16,47,960,564,197,396,49.7,66,201,32.8,104,129,80.6,42,190,232,87,56,20,13,123,3,0,-149
Blake Griffin,BKN,33,56,29,27,958,359,133,313,42.5,38,145,26.2,55,76,72.4,60,168,228,105,31,27,14,95,1,0,-94
Keita Bates-Diop,SAS,26,59,23,36,957,335,136,263,51.7,17,55,30.9,46,61,75.4,62,169,231,41,45,27,14,61,1,0,4
Isaiah Roby,OKC,24,45,10,35,948,454,166,323,51.4,44,99,44.4,78,116,67.2,75,142,217,71,43,36,34,109,4,0,-185
Kemba Walker,NYK,31,37,16,21,948,431,149,370,40.3,73,199,36.7,60,71,84.5,14,97,111,131,48,26,7,37,1,1,-182
Taj Gibson,NYK,36,52,24,28,946,229,86,166,51.8,15,38,39.5,42,52,80.8,88,141,229,32,27,22,40,137,0,0,43
Rui Hachimura,WAS,24,42,16,26,944,475,187,381,49.1,55,123,44.7,46,66,69.7,25,135,160,48,33,23,9,53,0,0,-127
Klay Thompson,GSW,32,32,17,15,941,652,246,573,42.9,114,296,38.5,46,51,90.2,15,110,125,88,43,16,17,54,0,0,66
Jeremy Lamb,SAC,29,56,23,33,935,410,133,347,38.3,55,170,32.4,89,106,84,26,128,154,81,37,31,22,59,0,0,21
Jalen Smith,IND,22,51,29,22,924,470,176,350,50.3,40,122,32.8,78,102,76.5,101,206,307,24,42,15,41,96,9,0,31
Theo Maledon,OKC,20,51,14,37,908,361,119,317,37.5,44,150,29.3,79,100,79,20,111,131,111,65,31,11,67,1,0,-199
Tomas Satoransky,WAS,30,55,21,34,906,198,72,191,37.7,11,53,20.8,43,54,79.6,27,99,126,184,46,29,5,71,1,0,-163
Jevon Carter,MIL,26,66,39,27,905,277,98,253,38.7,66,170,38.8,15,18,83.3,14,96,110,96,34,24,14,67,0,0,-53
Jordan McLaughlin,MIN,26,62,36,26,902,233,88,200,44,27,85,31.8,30,40,75,22,72,94,180,38,57,10,54,1,0,37
Derrick Jones Jr.,CHI,25,51,28,23,899,286,105,195,53.8,20,61,32.8,56,70,80,60,109,169,30,30,25,33,105,0,0,41
Tristan Thompson,CHI,31,57,20,37,896,344,141,267,52.8,1,3,33.3,61,116,52.6,120,168,288,34,45,23,21,98,1,0,-65
Jalen McDaniels,CHA,24,55,34,21,895,340,123,254,48.4,41,108,38,53,72,73.6,37,133,170,58,36,26,22,93,1,0,46
Dillon Brooks,MEM,26,32,22,10,885,590,227,526,43.2,46,149,30.9,90,106,84.9,29,73,102,88,50,36,8,105,0,0,206
D.J. Augustin,LAL,34,55,15,40,883,294,94,222,42.3,68,164,41.5,38,43,88.4,11,57,68,107,56,17,1,39,0,0,-177
Serge Ibaka,MIL,32,54,30,24,878,365,148,296,50,37,99,37.4,32,44,72.7,62,188,250,49,43,11,33,102,3,0,-54
Trendon Watford,POR,21,48,16,32,869,364,142,267,53.2,9,38,23.7,71,94,75.5,57,142,199,81,44,25,28,116,2,0,-350
Trey Murphy III,NOP,21,62,31,31,864,334,109,277,39.4,71,186,38.2,45,51,88.2,47,100,147,38,16,23,7,60,0,0,-1
Maurice Harkless,SAC,28,47,15,32,863,217,83,181,45.9,31,101,30.7,20,28,71.4,12,100,112,23,31,29,24,77,1,0,-90
Thaddeus Young,TOR,33,52,27,25,845,322,141,272,51.8,17,48,35.4,23,49,46.9,80,128,208,104,52,54,18,81,0,0,20
Armoni Brooks,TOR,23,54,20,34,844,288,98,289,33.9,74,249,29.7,18,21,85.7,20,83,103,62,27,28,11,74,0,0,-80
Willy Hernangomez,NOP,27,50,22,28,839,453,170,327,52,4,12,33.3,109,141,77.3,143,195,338,63,51,21,19,97,9,0,-45
Jose Alvarado,NOP,24,54,25,29,834,330,131,294,44.6,32,110,29.1,36,53,67.9,25,75,100,152,40,71,7,73,1,0,143
Josh Jackson,SAC,25,51,12,39,830,328,120,300,40,33,130,25.4,55,77,71.4,21,120,141,54,47,26,22,88,0,0,-156
Tony Snell,NOP,30,53,19,34,822,187,69,171,40.4,45,128,35.2,4,4,100,16,87,103,28,19,16,9,70,0,0,-117
Lance Stephenson,IND,31,46,11,35,814,384,147,323,45.5,27,90,30,63,80,78.8,12,115,127,165,72,24,4,96,3,0,-113
Wayne Ellington,LAL,34,43,15,28,810,287,98,237,41.4,82,211,38.9,9,11,81.8,10,67,77,30,19,23,5,42,0,0,-59
Davis Bertans,DAL,29,56,32,24,806,311,99,275,36,77,230,33.5,36,40,90,12,105,117,31,19,17,12,85,0,0,30
Ty Jerome,OKC,24,48,15,33,801,340,124,328,37.8,54,186,29,38,47,80.9,19,59,78,109,37,30,5,73,0,0,-7
Lou Williams,ATL,35,56,33,23,799,354,125,320,39.1,37,102,36.3,67,78,85.9,16,71,87,105,43,28,3,48,0,0,15
Quentin Grimes,NYK,21,46,21,25,786,275,95,235,40.4,72,189,38.1,13,19,68.4,24,70,94,44,28,31,11,72,0,0,-54
Justise Winslow,POR,26,48,24,24,775,274,110,257,42.8,15,66,22.7,39,66,59.1,50,152,202,84,49,35,25,67,2,0,28
Romeo Langford,SAS,22,48,24,24,771,218,83,191,43.5,29,85,34.1,23,42,54.8,30,78,108,21,16,22,16,47,0,0,5
Trent Forrest,UTA,23,60,36,24,766,195,76,155,49,5,27,18.5,38,48,79.2,23,76,99,106,48,30,6,43,0,0,78
Kelly Olynyk,DET,30,40,13,27,764,365,128,286,44.8,40,119,33.6,69,89,77.5,54,123,177,111,58,31,19,100,1,0,-70
Brandon Boston Jr.,LAC,20,51,26,25,760,343,125,325,38.5,34,111,30.6,59,72,81.9,17,94,111,51,31,26,13,43,0,0,-37
Rodney McGruder,DET,30,51,13,38,754,273,98,225,43.6,58,146,39.7,19,26,73.1,31,80,111,48,24,21,7,58,0,0,-56
Eric Paschall,UTA,25,58,36,22,737,334,114,235,48.5,40,108,37,66,86,76.7,30,76,106,36,27,9,5,51,0,0,-29
Naji Marshall,NOP,24,55,23,32,736,313,109,269,40.5,21,105,20,74,93,79.6,38,104,142,62,46,33,8,69,1,0,-49
Goga Bitadze,IND,22,50,17,33,729,349,131,252,52,23,80,28.8,64,94,68.1,79,98,177,55,46,21,42,107,2,0,-32
Danuel House Jr.,UTA,28,42,18,24,727,248,80,198,40.4,44,117,37.6,44,58,75.9,18,93,111,44,33,21,17,51,0,0,62
DeMarcus Cousins,DEN,31,48,33,15,717,430,149,324,46,37,122,30.3,95,125,76,74,196,270,71,85,35,21,139,2,0,38
Svi Mykhailiuk,TOR,24,56,29,27,716,255,91,234,38.9,41,134,30.6,32,37,86.5,20,72,92,45,32,26,4,54,0,0,-78
Terry Taylor,IND,22,33,7,26,714,318,135,220,61.4,12,38,31.6,36,51,70.6,95,77,172,41,23,14,8,61,2,0,-114
Rodney Hood,LAC,29,52,30,22,709,163,58,157,36.9,30,91,33,17,19,89.5,15,62,77,38,11,15,6,31,0,0,9
Omer Yurtseven,MIA,23,56,39,17,706,299,130,247,52.6,1,11,9.1,38,61,62.3,85,209,294,49,41,17,20,84,8,0,63
Xavier Tillman,MEM,23,53,35,18,701,252,98,216,45.4,10,49,20.4,46,71,64.8,66,95,161,62,34,49,15,63,0,0,-26
Rajon Rondo,CLE,36,39,16,23,698,186,68,176,38.6,31,88,35.2,19,26,73.1,15,93,108,170,68,30,6,56,1,0,-110
Zeke Nnaji,DEN,21,41,24,17,698,270,96,186,51.6,37,80,46.3,41,65,63.1,56,91,147,17,23,16,13,79,0,0,-45
Keon Johnson,POR,20,37,8,29,696,267,96,272,35.3,34,100,34,41,51,80.4,24,57,81,76,46,28,12,69,0,0,-287
Dalano Banton,TOR,22,64,37,27,696,205,83,202,41.1,13,51,25.5,26,44,59.1,38,86,124,99,53,28,10,68,0,0,34
Vit Krejci,OKC,21,30,8,22,690,187,68,167,40.7,32,98,32.7,19,22,86.4,18,83,101,57,29,19,8,65,1,0,-179
Timothe Luwawu-Cabarrot,ATL,26,52,30,22,685,227,74,186,39.8,44,122,36.1,35,41,85.4,17,65,82,40,20,18,6,76,0,0,-51
Frank Ntilikina,DAL,23,58,34,24,685,240,89,223,39.9,38,111,34.2,24,25,96,12,67,79,69,31,27,7,61,0,0,63
Davon Reed,DEN,26,48,29,19,668,209,81,161,50.3,37,86,43,10,15,66.7,14,94,108,53,16,24,9,63,0,0,-26
Derrick Favors,OKC,30,39,15,24,652,206,94,182,51.6,2,16,12.5,16,25,64,58,126,184,25,9,17,12,62,1,0,-143
T.J. McConnell,IND,30,27,9,18,652,229,100,208,48.1,10,33,30.3,19,23,82.6,20,70,90,131,29,29,10,53,1,0,-74
Greg Brown III,POR,20,48,14,34,640,225,81,190,42.6,19,61,31.1,44,65,67.7,38,97,135,35,36,26,24,90,0,0,-241
Brandon Williams,POR,22,24,2,22,640,309,105,282,37.2,31,106,29.2,68,97,70.1,19,55,74,94,58,24,10,52,2,0,-272
Dennis Smith Jr.,POR,24,37,15,22,639,206,79,189,41.8,6,27,22.2,42,64,65.6,20,68,88,132,51,45,12,52,0,0,-138
Derrick Rose,NYK,33,26,11,15,636,311,122,274,44.5,37,92,40.2,30,31,96.8,21,57,78,103,39,22,12,15,0,0,92
Sterling Brown,DAL,27,49,31,18,628,160,59,155,38.1,28,92,30.4,14,15,93.3,26,123,149,34,23,14,7,56,2,0,32
DeAndre Jordan,PHI,33,48,26,22,622,206,92,143,64.3,0,0,0,22,40,55,83,181,264,21,37,12,35,71,0,0,-147
Alex Len,SAC,28,39,17,22,620,235,94,176,53.4,6,21,28.6,41,63,65.1,52,109,161,45,43,13,25,100,2,0,-76
Robin Lopez,ORL,34,36,9,27,612,254,110,199,55.3,2,6,33.3,32,54,59.3,68,58,126,54,44,2,18,67,3,0,-65
Isaiah Joe,PHI,22,55,35,20,609,198,62,177,35,45,135,33.3,29,31,93.5,6,50,56,35,19,14,3,47,0,0,23
David Nwaba,HOU,29,46,6,40,609,233,85,176,48.3,15,49,30.6,48,67,71.6,41,110,151,35,21,28,20,55,0,0,-117
Moses Moody,GSW,19,52,35,17,607,228,80,183,43.7,40,110,36.4,28,36,77.8,17,63,80,23,13,7,10,43,0,0,-42
Saben Lee,DET,22,37,8,29,604,208,69,177,39,14,60,23.3,56,71,78.9,18,69,87,107,36,36,12,44,1,0,-80
Andre Iguodala,GSW,38,31,20,11,603,124,46,121,38,17,74,23,15,20,75,21,79,100,114,28,27,22,34,0,0,114
Mike Muscala,OKC,30,43,15,28,593,344,113,248,45.6,70,163,42.9,48,57,84.2,21,108,129,22,14,18,26,58,0,0,23
Jock Landale,SAS,26,54,24,30,589,265,101,204,49.5,29,89,32.6,34,41,82.9,63,75,138,45,31,10,14,53,1,0,-17
Aaron Nesmith,BOS,22,52,32,20,574,196,72,182,39.6,31,115,27,21,26,80.8,15,74,89,22,31,20,5,70,0,0,22
Keifer Sykes,IND,28,32,6,26,566,180,69,190,36.3,27,90,30,15,17,88.2,8,37,45,62,33,12,4,51,0,0,-69
Nerlens Noel,NYK,28,25,10,15,562,85,32,60,53.3,0,3,0,21,30,70,48,93,141,23,20,30,31,67,0,0,-68
Jericho Sims,NYK,23,41,19,22,555,90,39,54,72.2,0,0,0,12,29,41.4,61,108,169,21,20,11,22,66,1,0,76
Elfrid Payton,PHX,28,50,39,11,549,150,67,175,38.3,4,18,22.2,12,32,37.5,21,67,88,99,47,25,6,38,0,0,-43
Tony Bradley,CHI,24,55,28,27,549,163,72,123,58.5,0,0,0,19,29,65.5,67,119,186,27,34,10,33,62,0,0,70
Kent Bazemore,LAL,32,39,16,23,545,132,45,139,32.4,29,80,36.3,13,17,76.5,13,56,69,34,21,25,9,70,0,0,-118
Isaiah Jackson,IND,20,36,9,27,541,297,116,206,56.3,5,16,31.3,60,88,68.2,60,89,149,10,40,25,52,92,3,0,-39
Malachi Flynn,TOR,23,44,25,19,537,189,72,183,39.3,30,90,33.3,15,24,62.5,10,53,63,70,13,20,4,45,0,0,-26
Terence Davis,SAC,24,30,11,19,536,311,113,267,42.3,49,149,32.9,36,44,81.8,11,83,94,40,33,25,11,70,0,0,60
Ignas Brazdeikis,ORL,23,42,9,33,536,210,81,188,43.1,27,87,31,21,32,65.6,23,49,72,37,17,10,3,48,0,0,-173
Josh Okogie,MIN,23,49,23,26,516,133,42,104,40.4,14,47,29.8,35,51,68.6,29,41,70,25,23,26,12,53,0,0,39
Bismack Biyombo,PHX,29,36,30,6,506,210,86,145,59.3,0,0,0,38,71,53.5,63,104,167,23,25,12,26,70,6,0,52
Zach Collins,SAS,24,28,14,14,502,218,76,155,49,14,41,34.1,52,65,80,46,107,153,61,45,13,23,67,1,0,38
Brandon Goodwin,CLE,26,36,19,17,502,171,64,154,41.6,19,55,34.5,24,38,63.2,14,53,67,91,36,25,1,39,1,0,-53
Goran Dragic,BKN,35,21,10,11,497,157,57,151,37.7,16,63,25.4,27,33,81.8,13,52,65,86,34,19,4,45,0,0,6
Thanasis Antetokounmpo,MIL,29,48,26,22,473,171,70,128,54.7,2,14,14.3,29,46,63,40,61,101,22,26,16,12,68,0,0,-115
Admiral Schofield,ORL,25,38,10,28,469,146,54,129,41.9,26,79,32.9,12,15,80,17,72,89,25,21,4,5,58,0,0,-128
Lindy Waters III,OKC,24,25,6,19,465,199,71,175,40.6,53,146,36.3,4,5,80,6,67,73,24,11,19,8,31,0,0,-39
Anthony Gill,WAS,29,44,15,29,463,180,62,109,56.9,14,26,53.8,42,52,80.8,33,52,85,27,18,5,11,58,0,0,60
Trevor Ariza,LAL,36,24,8,16,462,96,33,99,33.3,20,74,27,10,18,55.6,10,72,82,27,11,13,6,20,0,0,-56
Killian Tillie,MEM,24,36,27,9,461,118,43,127,33.9,27,86,31.4,5,8,62.5,21,39,60,22,13,23,15,58,0,0,29
Matt Thomas,CHI,27,40,23,17,460,161,55,134,41,35,91,38.5,16,20,80,3,47,50,20,8,8,3,18,0,0,32
Dylan Windler,CLE,25,50,28,22,459,110,37,98,37.8,21,70,30,15,18,83.3,21,68,89,34,16,14,3,47,0,0,-9
Kelan Martin,BOS,26,30,14,16,450,171,70,171,40.9,22,75,29.3,9,13,69.2,17,38,55,21,14,13,9,36,0,0,-53
Yuta Watanabe,TOR,27,38,21,17,445,163,56,138,40.6,27,79,34.2,24,40,60,18,74,92,21,19,11,16,38,2,0,-54
Juancho Hernangomez,UTA,26,40,20,20,445,131,44,106,41.5,24,69,34.8,19,34,55.9,28,72,100,20,16,14,10,25,0,0,-5
Trey Burke,DAL,29,42,24,18,441,214,84,215,39.1,26,82,31.7,20,23,87,4,29,33,57,26,12,0,39,0,0,-10
Thomas Bryant,WAS,24,27,8,19,439,201,77,148,52,12,42,28.6,35,40,87.5,26,82,108,23,19,6,21,43,0,0,-75
Elijah Hughes,POR,24,36,15,21,434,126,47,144,32.6,25,95,26.3,7,9,77.8,6,52,58,22,17,14,8,39,0,0,-230
Joe Harris,BKN,30,14,10,4,423,158,56,124,45.2,41,88,46.6,5,6,83.3,5,51,56,14,16,7,2,31,0,0,16
Patrick Williams,CHI,20,17,9,8,422,153,54,102,52.9,15,29,51.7,30,41,73.2,17,52,69,15,16,9,9,28,1,0,-56
Olivier Sarr,OKC,23,22,6,16,421,153,58,101,57.4,13,29,44.8,24,29,82.8,34,59,93,19,22,6,15,52,1,0,-28
Enes Freedom,BOS,29,35,20,15,411,128,51,97,52.6,2,5,40,24,28,85.7,61,99,160,8,20,5,14,42,2,0,70
Sandro Mamukelashvili,MIL,22,41,22,19,407,154,57,115,49.6,22,52,42.3,18,22,81.8,35,47,82,22,15,9,9,28,1,0,-145
Semi Ojeleye,LAC,27,30,14,16,406,98,30,99,30.3,15,50,30,23,29,79.3,27,47,74,9,9,7,6,30,0,0,-144
Day'Ron Sharpe,BKN,20,32,12,20,391,198,86,149,57.7,2,7,28.6,24,41,58.5,81,79,160,17,30,10,15,60,2,0,57
Luka Garza,DET,23,32,3,29,389,186,66,147,44.9,16,49,32.7,38,61,62.3,58,42,100,20,18,9,6,55,2,0,-63
Isaiah Livers,DET,23,19,8,11,383,121,41,90,45.6,27,64,42.2,12,14,85.7,15,42,57,21,15,13,7,37,1,0,-10
Gary Clark,NOP,27,38,20,18,378,101,33,88,37.5,28,70,40,7,10,70,23,67,90,18,10,13,7,20,0,0,-18
Paul Millsap,PHI,37,33,22,11,376,115,45,115,39.1,8,35,22.9,17,24,70.8,41,73,114,29,19,10,13,67,0,0,-23
Miles McBride,NYK,21,40,19,21,372,89,32,108,29.6,17,68,25,8,12,66.7,4,38,42,41,5,14,1,45,0,0,101
Chris Chiozza,GSW,26,34,21,13,372,67,24,81,29.6,17,53,32.1,2,3,66.7,9,27,36,65,32,13,0,32,0,0,-49
Gorgui Dieng,ATL,32,44,23,21,371,154,53,112,47.3,29,68,42.6,19,26,73.1,32,89,121,34,20,11,13,52,0,0,-63
Nick Richards,CHA,24,50,25,25,367,150,60,90,66.7,0,0,0,30,43,69.8,34,52,86,13,24,9,21,51,0,0,-109
Jared Butler,UTA,21,42,31,11,360,161,61,151,40.4,28,88,31.8,11,16,68.8,5,40,45,63,33,17,8,47,0,0,-11
Santi Aldama,MEM,21,32,20,12,360,132,53,132,40.2,6,48,12.5,20,32,62.5,33,54,87,21,16,6,10,36,2,0,16
Markelle Fultz,ORL,23,18,6,12,360,195,83,175,47.4,4,17,23.5,25,31,80.6,4,45,49,99,40,20,5,22,1,0,-37
Wenyen Gabriel,LAL,25,26,8,18,359,141,54,110,49.1,8,28,28.6,25,42,59.5,39,58,97,14,16,5,11,68,1,0,44
Ish Wainright,PHX,27,45,36,9,359,108,41,104,39.4,19,59,32.2,7,12,58.3,27,27,54,15,13,20,6,49,0,0,39
Cody Zeller,POR,29,27,13,14,355,140,51,90,56.7,0,4,0,38,49,77.6,50,75,125,22,19,8,6,56,0,0,-28
Keljin Blevins,POR,26,31,4,27,349,95,34,111,30.6,21,72,29.2,6,11,54.5,16,29,45,19,17,13,1,29,0,0,-208
Marquese Chriss,DAL,24,34,24,10,346,154,62,134,46.3,8,25,32,22,33,66.7,33,70,103,17,17,13,12,64,0,0,-10
Moses Brown,CLE,22,40,19,21,344,171,64,108,59.3,0,0,0,43,72,59.7,39,96,135,1,20,7,16,53,3,0,-49
Kira Lewis Jr.,NOP,21,24,6,18,341,141,59,146,40.4,13,58,22.4,10,12,83.3,9,30,39,49,26,11,1,17,0,0,-107
David Duke Jr.,BKN,22,22,10,12,341,104,39,108,36.1,9,37,24.3,17,21,81,30,37,67,17,9,14,7,36,2,0,-10
P.J. Dozier,DEN,25,18,9,9,340,97,36,99,36.4,15,48,31.3,10,13,76.9,14,49,63,29,13,11,6,33,0,0,-90
Jarrett Culver,MEM,23,37,28,9,338,130,51,135,37.8,12,47,25.5,16,34,47.1,13,35,48,33,20,20,5,42,0,0,-18
Kris Dunn,POR,28,14,1,13,336,106,44,102,43.1,1,11,9.1,17,18,94.4,9,40,49,79,32,23,3,38,0,0,-92
Isaiah Thomas,CHA,33,22,12,10,333,184,67,167,40.1,28,83,33.7,22,26,84.6,4,25,29,34,15,7,5,34,0,0,-10
Brad Wanamaker,WAS,32,23,10,13,320,83,28,77,36.4,4,17,23.5,23,25,92,6,33,39,55,23,7,6,45,0,0,-44
Collin Sexton,CLE,23,11,7,4,316,176,68,151,45,11,45,24.4,29,39,74.4,13,23,36,23,31,10,0,25,0,0,-30
Justin Anderson,IND,28,16,3,13,316,102,36,95,37.9,15,59,25.4,15,19,78.9,4,42,46,33,8,8,6,22,0,0,-15
James Bouknight,CHA,21,31,15,16,304,142,49,141,34.8,17,49,34.7,27,31,87.1,22,30,52,26,15,7,1,29,0,0,-50
Justin Robinson,DET,24,25,13,12,304,78,28,93,30.1,18,61,29.5,4,8,50,4,17,21,32,17,9,1,27,0,0,-123
Paul Reed,PHI,22,38,21,17,303,116,54,96,56.3,2,8,25,6,14,42.9,44,48,92,16,10,33,14,57,0,0,-40
Brook Lopez,MIL,34,13,10,3,298,161,61,131,46.6,19,53,35.8,20,23,87,19,34,53,6,12,8,15,34,0,0,-7
Markieff Morris,MIA,32,17,10,7,298,129,54,114,47.4,13,39,33.3,8,9,88.9,17,28,45,23,20,6,1,33,0,0,19
Justin Champagnie,TOR,20,36,21,15,281,81,31,67,46.3,10,28,35.7,9,9,100,37,35,72,11,8,8,4,32,0,0,52
Nathan Knight,MIN,24,37,22,15,267,138,45,88,51.1,4,13,30.8,44,60,73.3,32,53,85,22,18,7,8,42,1,0,22
Michael Porter Jr.,DEN,23,9,5,4,265,89,37,103,35.9,10,48,20.8,5,9,55.6,9,50,59,17,12,10,2,16,1,0,58
JT Thor,CHA,19,33,18,15,262,67,24,55,43.6,7,27,25.9,12,20,60,11,32,43,19,10,8,11,26,0,0,-7
Daishen Nix,HOU,20,24,3,21,261,77,27,67,40.3,7,26,26.9,16,30,53.3,7,26,33,40,26,15,0,21,0,0,-46
KZ Okpala,MIA,22,21,14,7,244,77,30,69,43.5,9,26,34.6,8,11,72.7,11,30,41,14,5,4,7,25,0,0,6
Leandro Bolmaro,MIN,21,35,19,16,241,50,17,54,31.5,5,18,27.8,11,13,84.6,16,27,43,21,13,6,0,26,0,0,3
Jaylen Hoard,OKC,23,7,2,5,240,103,44,90,48.9,9,25,36,6,14,42.9,30,54,84,17,8,6,5,14,4,0,-87
Mychal Mulder,MIA,27,17,3,14,240,69,24,77,31.2,17,54,31.5,4,4,100,2,22,24,5,8,4,2,13,0,0,-55
Usman Garuba,HOU,20,24,2,22,239,48,19,44,43.2,5,20,25,5,7,71.4,21,62,83,17,6,10,11,28,0,0,33
Jake Layman,MIN,28,34,20,14,231,81,30,73,41.1,8,35,22.9,13,18,72.2,6,30,36,9,10,7,5,12,0,0,-11
Kevin Knox II,ATL,22,30,18,12,222,93,31,85,36.5,15,54,27.8,16,22,72.7,14,30,44,10,7,4,2,19,0,0,-70
Denzel Valentine,UTA,28,24,14,10,222,69,25,66,37.9,19,47,40.4,0,0,0,9,33,42,11,12,8,0,20,0,0,-27
Skylar Mays,ATL,24,28,17,11,220,80,32,64,50,8,25,32,8,9,88.9,5,20,25,17,10,7,0,9,1,0,-53
Georgios Kalaitzakis,OKC,23,13,8,5,213,86,31,67,46.3,10,26,38.5,14,30,46.7,6,15,21,12,20,11,2,19,0,0,-134
Malcolm Hill,CHI,26,19,8,11,212,72,24,52,46.2,13,36,36.1,11,14,78.6,11,24,35,8,3,7,3,24,0,0,-31
Tim Frazier,CLE,31,12,1,11,208,39,14,45,31.1,6,17,35.3,5,9,55.6,5,14,19,34,15,3,1,27,0,0,-80
Alfonzo McKinnie,CHI,29,17,8,9,206,59,24,61,39.3,9,27,33.3,2,8,25,13,20,33,5,7,2,3,26,0,0,-55
Joe Wieskamp,SAS,22,29,11,18,205,61,20,56,35.7,14,43,32.6,7,13,53.8,4,10,14,9,2,4,3,14,0,0,0
Ed Davis,CLE,32,31,15,16,201,28,11,16,68.8,0,0,0,6,14,42.9,14,50,64,7,5,3,9,33,0,0,16
Javonte Smart,MIA,22,17,11,6,200,51,19,60,31.7,8,27,29.6,5,6,83.3,5,19,24,16,11,6,3,12,0,0,-42
Tyler Cook,CHI,24,20,13,7,200,67,23,38,60.5,0,0,0,21,32,65.6,16,37,53,3,7,4,4,28,0,0,-27
Lindell Wigginton,MIL,24,19,11,8,199,80,26,61,42.6,9,26,34.6,19,35,54.3,3,22,25,23,12,5,1,17,0,0,-47
Braxton Key,DET,25,11,5,6,197,79,33,72,45.8,6,21,28.6,7,13,53.8,13,37,50,11,11,10,11,26,0,0,27
Udoka Azubuike,UTA,22,17,11,6,195,80,37,49,75.5,0,0,0,6,11,54.5,18,53,71,0,12,1,11,25,1,0,4
Greg Monroe,MIN,31,14,7,7,195,76,32,57,56.1,0,0,0,12,23,52.2,30,34,64,22,12,8,10,24,0,0,5
Mamadi Diakite,OKC,25,13,4,9,188,56,25,47,53.2,0,5,0,6,11,54.5,17,42,59,2,7,5,9,33,0,0,-14
Reggie Perry,POR,22,10,0,10,187,92,40,79,50.6,3,16,18.8,9,15,60,15,32,47,12,11,9,6,33,1,0,-78
Kyle Guy,MIA,24,19,15,4,186,74,26,65,40,14,40,35,8,12,66.7,4,13,17,17,13,7,1,12,0,0,-48
Willie Cauley-Stein,PHI,28,20,12,8,183,34,16,35,45.7,1,2,50,1,2,50,13,27,40,10,7,6,3,19,0,0,24
Frank Kaminsky,PHX,29,9,8,1,181,95,36,66,54.5,5,15,33.3,18,20,90,11,30,41,13,5,8,7,14,0,0,39
Charlie Brown Jr.,PHI,25,22,16,6,178,30,10,39,25.6,1,12,8.3,9,10,90,14,18,32,6,5,10,4,18,0,0,-21
Markus Howard,DEN,23,31,17,14,176,126,39,101,38.6,28,70,40,20,23,87,2,10,12,7,7,9,0,17,0,0,-12
Jamorko Pickett,DET,24,13,4,9,176,50,18,50,36,13,39,33.3,1,2,50,6,26,32,7,5,0,7,12,0,0,0
Vlatko Cancar,DEN,25,15,7,8,176,62,23,41,56.1,7,12,58.3,9,14,64.3,8,23,31,17,9,2,3,18,0,0,4
Zavier Simpson,OKC,25,4,1,3,174,44,19,52,36.5,1,8,12.5,5,5,100,2,19,21,30,10,5,4,15,0,0,-95
Victor Oladipo,MIA,29,8,4,4,173,99,35,73,47.9,15,36,41.7,14,19,73.7,3,20,23,28,16,5,1,13,1,0,-5
Hassani Gravett,ORL,25,8,2,6,171,50,18,38,47.4,11,26,42.3,3,4,75,1,20,21,20,9,5,1,13,0,0,-2
Charles Bassey,PHI,21,23,11,12,168,69,30,47,63.8,0,4,0,9,12,75,22,40,62,7,8,5,17,32,1,0,-34
Alize Johnson,NOP,25,23,14,9,167,41,17,39,43.6,0,4,0,7,12,58.3,28,33,61,9,12,5,0,18,0,0,-45
Kevin Pangos,CLE,29,24,16,8,166,39,15,46,32.6,6,26,23.1,3,4,75,2,9,11,30,7,3,0,11,0,0,-35
Haywood Highsmith,MIA,25,19,13,6,163,43,16,46,34.8,9,28,32.1,2,5,40,10,16,26,6,3,2,3,13,0,0,-37
Sam Hauser,BOS,24,26,20,6,158,65,23,50,46,19,44,43.2,0,0,0,5,24,29,10,2,1,2,7,0,0,1
Paul Watson,OKC,27,9,2,7,156,31,12,35,34.3,6,26,23.1,1,2,50,3,24,27,8,4,3,3,10,0,0,-56
Cassius Stanley,DET,22,9,3,6,155,52,19,46,41.3,4,17,23.5,10,10,100,5,14,19,4,6,5,2,17,0,0,-15
Bruno Fernando,HOU,23,30,15,15,153,88,36,55,65.5,1,2,50,15,24,62.5,18,37,55,7,14,1,11,24,2,0,-33
Theo Pinson,DAL,26,19,14,5,148,48,14,39,35.9,10,30,33.3,10,10,100,2,19,21,17,5,5,2,12,0,0,-41
Abdel Nader,PHX,28,14,11,3,145,34,12,35,34.3,4,14,28.6,6,10,60,4,23,27,7,11,8,4,20,0,0,-2
Devin Cannady,ORL,25,5,2,3,145,50,15,44,34.1,15,37,40.5,5,7,71.4,1,5,6,10,5,5,3,9,0,0,-11
Solomon Hill,ATL,31,13,7,6,139,8,3,20,15,2,13,15.4,0,0,0,6,17,23,12,1,4,2,16,0,0,41
Xavier Moon,LAC,27,10,7,3,137,58,25,51,49,5,14,35.7,3,5,60,2,12,14,24,6,7,3,9,0,0,2
Jahmi'us Ramsey,SAC,20,19,2,17,134,60,24,58,41.4,5,18,27.8,7,14,50,4,9,13,7,5,1,1,10,0,0,-21
Didi Louzada,POR,22,9,0,9,129,35,12,33,36.4,9,23,39.1,2,2,100,5,12,17,5,5,2,2,13,0,0,-81
Marcus Garrett,MIA,23,12,11,1,128,13,5,21,23.8,1,4,25,2,5,40,9,14,23,7,2,5,3,16,0,0,17
Boban Marjanovic,DAL,33,23,15,8,128,98,42,70,60,1,4,25,13,22,59.1,8,31,39,3,15,0,3,24,0,0,35
Jay Scrubb,LAC,21,18,8,10,121,49,18,46,39.1,6,21,28.6,7,10,70,2,14,16,8,7,4,3,9,0,0,16
Devontae Cacok,SAS,25,15,5,10,121,46,21,31,67.7,0,0,0,4,7,57.1,8,34,42,6,3,8,7,16,0,0,-1
Jalen Johnson,ATL,20,22,14,8,120,52,22,41,53.7,3,13,23.1,5,7,71.4,2,24,26,3,9,3,2,9,0,0,-19
Neemias Queta,SAC,22,15,4,11,120,45,17,38,44.7,0,0,0,11,17,64.7,14,17,31,6,6,1,8,18,0,0,-7
Melvin Frazier Jr.,OKC,25,3,0,3,120,32,13,48,27.1,1,21,4.8,5,7,71.4,5,8,13,1,3,1,0,8,0,0,-92
Freddie Gillespie,ORL,24,9,1,8,119,21,9,22,40.9,0,1,0,3,7,42.9,13,23,36,5,5,3,9,18,0,0,-29
Jabari Parker,BOS,27,12,4,8,112,53,18,38,47.4,8,16,50,9,9,100,5,23,28,6,8,4,1,13,0,0,-7
Derrick Walton Jr.,DET,27,3,1,2,108,19,6,26,23.1,3,13,23.1,4,4,100,2,8,10,21,11,7,4,8,0,0,-3
Jeff Dowtin,ORL,24,9,4,5,108,19,8,26,30.8,1,9,11.1,2,2,100,8,10,18,10,5,5,1,5,0,0,-26
Langston Galloway,MIL,30,7,4,3,107,14,6,26,23.1,2,16,12.5,0,0,0,3,15,18,12,6,1,0,7,0,0,-12
Chaundee Brown Jr.,ATL,23,5,1,4,104,31,10,32,31.3,6,18,33.3,5,6,83.3,1,15,16,4,1,2,0,7,0,0,-20
Louis King,SAC,23,10,2,8,104,45,15,47,31.9,8,27,29.6,7,10,70,0,12,12,9,0,2,1,14,0,0,-29
Luke Kornet,BOS,26,15,11,4,103,30,13,27,48.1,0,5,0,4,6,66.7,13,16,29,9,0,3,3,9,0,0,22
Tyler Johnson,SAS,29,6,2,4,91,17,6,20,30,5,13,38.5,0,0,0,3,9,12,7,2,3,3,7,0,0,-6
Chris Silva,MIA,25,10,7,3,91,26,8,15,53.3,0,0,0,10,12,83.3,13,23,36,7,8,0,1,20,0,0,-29
Devon Dotson,CHI,22,11,5,6,85,29,11,23,47.8,2,9,22.2,5,9,55.6,1,8,9,15,5,1,0,11,0,0,-2
Udonis Haslem,MIA,41,13,10,3,83,32,14,31,45.2,1,4,25,3,3,100,4,21,25,4,5,1,1,15,0,0,-15
Wes Iwundu,ATL,27,3,2,1,82,22,8,18,44.4,3,5,60,3,4,75,3,10,13,0,1,1,0,8,0,0,0
Bol Bol,ORL,22,14,5,9,81,33,15,27,55.6,1,4,25,2,5,40,4,16,20,5,4,1,2,4,0,0,5
Carsen Edwards,DET,24,4,1,3,79,23,9,30,30,4,16,25,1,1,100,2,4,6,14,5,2,0,4,0,0,-12
Ryan Arcidiacono,NYK,28,10,8,2,76,16,6,12,50,4,9,44.4,0,0,0,0,8,8,4,3,1,0,5,0,0,-12
Tyrone Wallace,NOP,27,6,4,2,75,17,7,20,35,2,8,25,1,5,20,0,8,8,1,2,3,1,7,0,0,-18
Trevelin Queen,HOU,25,10,1,9,74,43,15,33,45.5,9,24,37.5,4,4,100,7,9,16,4,7,5,1,6,0,0,8
Isaiah Todd,WAS,20,12,1,11,74,20,7,26,26.9,4,16,25,2,6,33.3,3,9,12,4,4,4,2,4,0,0,-24
Aleem Ford,ORL,24,5,2,3,74,14,6,20,30,2,15,13.3,0,0,0,2,13,15,2,4,1,0,7,0,0,-35
Quinndary Weatherspoon,GSW,25,11,8,3,73,30,12,21,57.1,1,5,20,5,5,100,2,12,14,5,3,1,1,15,0,0,-10
Yves Pons,MEM,22,12,9,3,71,13,5,16,31.3,3,9,33.3,0,2,0,5,7,12,1,1,1,4,6,0,0,-30
Rayjon Tucker,MIL,24,5,2,3,71,21,6,9,66.7,4,5,80,5,7,71.4,3,5,8,10,1,4,0,5,0,0,-2
Isaac Bonga,TOR,22,15,9,6,69,12,3,13,23.1,1,4,25,5,8,62.5,4,3,7,4,2,8,2,10,0,0,-32
BJ Johnson,ORL,26,4,2,2,65,26,11,25,44,4,10,40,0,0,0,6,9,15,0,0,0,1,4,0,0,-12
Brandon Knight,DAL,30,5,2,3,65,32,10,25,40,4,17,23.5,8,8,100,0,8,8,8,4,1,0,5,0,0,-6
Malik Fitts,BOS,24,15,13,2,63,21,8,19,42.1,5,10,50,0,0,0,2,15,17,5,2,0,0,4,0,0,-19
RJ Nembhard Jr.,CLE,23,14,6,8,63,15,6,18,33.3,0,2,0,3,4,75,3,4,7,12,3,1,0,2,0,0,-7
Kai Jones,CHA,21,21,14,7,63,22,9,14,64.3,1,2,50,3,8,37.5,3,8,11,4,6,1,2,8,0,0,-14
Brodric Thomas,BOS,25,12,8,4,60,21,8,18,44.4,2,9,22.2,3,5,60,2,8,10,11,6,1,1,7,0,0,3
Tacko Fall,CLE,26,11,4,7,59,12,5,12,41.7,0,0,0,2,7,28.6,7,16,23,2,3,0,6,3,0,0,5
Sam Merrill,MEM,25,6,2,4,58,25,8,24,33.3,7,23,30.4,2,4,50,1,6,7,4,2,0,0,3,0,0,-9
Gabriel Deck,OKC,27,7,2,5,56,18,8,14,57.1,2,4,50,0,0,0,1,5,6,5,2,1,0,2,0,0,-14
James Ennis III,DEN,31,7,3,4,56,29,11,24,45.8,3,8,37.5,4,5,80,5,7,12,3,2,2,2,5,0,0,0
D.J. Wilson,TOR,26,4,2,2,54,30,11,15,73.3,0,2,0,8,10,80,1,15,16,5,2,5,1,6,0,0,-16
Myles Powell,PHI,24,11,8,3,52,13,5,17,29.4,1,6,16.7,2,2,100,1,5,6,3,3,1,0,8,0,0,-18
Mason Jones,LAL,23,4,2,2,51,27,7,15,46.7,1,4,25,12,15,80,1,9,10,4,1,2,0,8,0,0,23
Tremont Waters,WAS,24,3,0,3,50,10,4,14,28.6,2,9,22.2,0,0,0,0,4,4,7,4,5,0,4,0,0,-19
Cameron McGriff,POR,24,3,0,3,46,14,5,14,35.7,2,6,33.3,2,2,100,6,9,15,3,0,0,1,7,0,0,8
Gabriel Lundberg,PHX,27,4,1,3,44,13,5,19,26.3,3,8,37.5,0,0,0,2,5,7,11,3,3,0,7,0,0,19
Miye Oni,UTA,24,16,15,1,44,5,2,9,22.2,1,8,12.5,0,1,0,1,6,7,5,1,0,0,7,0,0,-32
Vernon Carey Jr.,WAS,21,7,3,4,44,20,7,13,53.8,0,0,0,6,13,46.2,8,4,12,0,3,2,1,4,0,0,-44
Cameron Oliver,ATL,25,2,1,1,43,23,10,15,66.7,1,3,33.3,2,3,66.7,2,4,6,3,0,1,1,5,0,0,-2
Jared Harper,NOP,24,5,2,3,43,37,14,26,53.8,5,12,41.7,4,4,100,2,0,2,14,2,4,1,5,0,0,7
Robert Woodard II,SAS,22,12,0,12,42,7,2,16,12.5,1,4,25,2,2,100,5,6,11,3,1,1,1,3,0,0,15
Cassius Winston,WAS,24,7,1,6,39,14,4,11,36.4,2,6,33.3,4,4,100,0,1,1,7,3,0,0,9,0,0,-6
Nik Stauskas,BOS,28,8,7,1,39,18,5,14,35.7,4,10,40,4,6,66.7,1,2,3,2,1,0,0,1,0,0,18
Xavier Sneed,UTA,24,9,7,2,39,5,2,10,20,1,8,12.5,0,0,0,2,4,6,1,0,0,0,2,0,0,-6
Sharife Cooper,ATL,20,13,8,5,39,7,3,14,21.4,1,6,16.7,0,0,0,0,5,5,5,5,0,0,1,0,0,-35
Petr Cornelie,DEN,26,13,3,10,38,14,5,15,33.3,1,8,12.5,3,4,75,7,7,14,3,4,1,1,7,0,0,8
Darren Collison,LAL,34,3,1,2,37,4,2,7,28.6,0,3,0,0,0,0,0,4,4,2,1,1,0,5,0,0,-14
Justin Jackson,PHX,27,7,6,1,36,15,5,15,33.3,3,9,33.3,2,2,100,1,6,7,2,1,0,0,3,0,0,-13
Marko Simonovic,CHI,22,9,4,5,35,17,4,15,26.7,1,5,20,8,11,72.7,5,5,10,0,2,1,1,6,0,0,3
Juwan Morgan,BOS,24,2,1,1,31,5,2,3,66.7,1,2,50,0,0,0,2,2,4,1,0,0,0,3,0,0,-17
Micah Potter,DET,24,3,2,1,31,12,5,11,45.5,0,2,0,2,2,100,4,5,9,0,1,1,1,4,0,0,-40
Cheick Diallo,DET,25,3,0,3,31,11,3,8,37.5,0,0,0,5,6,83.3,4,8,12,0,1,1,0,6,0,0,-33
Jordan Schakel,WAS,23,4,1,3,30,5,1,11,9.1,1,6,16.7,2,2,100,2,6,8,0,1,1,0,0,0,0,2
Daniel Oturu,TOR,22,3,1,2,27,9,3,6,50,0,1,0,3,5,60,1,4,5,0,0,0,2,1,0,0,-24
Deividas Sirvydis,DET,21,3,1,2,27,3,1,10,10,1,7,14.3,0,0,0,0,6,6,1,0,3,1,4,0,0,-28
Mac McClung,LAL,23,2,2,0,24,8,3,6,50,1,3,33.3,1,1,100,0,3,3,1,3,1,1,5,0,0,7
Carlik Jones,DEN,24,5,3,2,23,4,1,9,11.1,0,1,0,2,2,100,1,2,3,5,3,1,0,0,0,0,-20
Shaquille Harrison,BKN,28,2,1,1,23,4,2,6,33.3,0,2,0,0,0,0,1,3,4,3,2,1,1,3,0,0,-4
Chandler Hutchison,PHX,25,6,4,2,22,4,1,2,50,0,0,0,2,2,100,0,5,5,2,4,0,0,1,0,0,15
Gabe York,IND,28,2,0,2,21,8,2,7,28.6,1,6,16.7,3,5,60,0,2,2,4,1,2,1,4,0,0,-4
Damyean Dotson,NYK,27,2,1,1,21,4,2,4,50,0,1,0,0,0,0,0,2,2,1,0,0,0,0,0,0,3
Jay Huff,LAL,24,4,0,4,20,0,0,3,0,0,2,0,0,0,0,1,3,4,1,1,1,1,1,0,0,15
Joel Ayayi,WAS,22,7,1,6,20,2,1,6,16.7,0,1,0,0,0,0,1,2,3,4,0,0,0,0,0,0,3
George King,DAL,28,4,2,2,19,1,0,5,0,0,4,0,1,2,50,0,5,5,0,1,0,0,4,0,0,-27
Wayne Selden,NYK,27,3,2,1,19,5,1,4,25,1,2,50,2,4,50,0,1,1,1,0,0,0,1,0,0,-13
Norvel Pelle,UTA,29,3,0,3,19,6,3,5,60,0,0,0,0,0,0,3,3,6,0,2,0,1,1,0,0,-19
Craig Sword,WAS,28,3,1,2,19,6,3,4,75,0,1,0,0,0,0,0,0,0,1,1,4,0,7,0,0,1
McKinley Wright IV,MIN,23,5,3,2,19,5,2,3,66.7,1,2,50,0,0,0,0,0,0,3,1,0,0,1,0,0,-7
Emanuel Terry,PHX,25,3,2,1,18,0,0,5,0,0,0,0,0,0,0,8,7,15,2,5,1,0,4,0,0,-19
Eugene Omoruyi,DAL,25,4,1,3,18,7,2,5,40,1,2,50,2,4,50,2,5,7,2,0,0,0,2,0,0,3
Scotty Hopson,OKC,32,1,0,1,18,4,2,4,50,0,1,0,0,0,0,0,1,1,1,2,0,0,1,0,0,-6
Aaron Henry,PHI,22,6,6,0,17,2,1,5,20,0,1,0,0,0,0,0,1,1,0,2,0,2,2,0,0,-20
Trayvon Palmer,DET,27,1,0,1,17,0,0,1,0,0,0,0,0,0,0,0,2,2,0,1,0,0,2,0,0,-12
Sekou Doumbouya,LAL,21,2,0,2,16,14,5,8,62.5,1,2,50,3,4,75,2,4,6,0,2,3,2,1,0,0,24
Dakota Mathias,MEM,26,6,5,1,16,6,2,6,33.3,2,6,33.3,0,0,0,0,2,2,1,0,1,0,1,0,0,-11
Jaylen Morris,SAS,26,3,0,3,16,2,0,6,0,0,2,0,2,4,50,0,2,2,2,1,0,0,2,0,0,8
Moses Wright,DAL,23,4,4,0,15,5,1,4,25,0,1,0,3,3,100,1,2,3,2,0,0,1,0,0,0,-7
Jemerrio Jones,LAL,27,2,0,2,15,4,2,3,66.7,0,0,0,0,0,0,2,1,3,0,0,1,0,2,0,0,-13
Cat Barber,ATL,27,3,0,3,13,0,0,4,0,0,0,0,0,4,0,1,2,3,3,1,0,0,1,0,0,11
Jarron Cumberland,POR,24,3,0,3,12,2,1,2,50,0,1,0,0,0,0,1,2,3,1,0,0,0,2,0,0,9
Trevon Scott,CLE,25,2,1,1,11,6,3,6,50,0,1,0,0,0,0,1,1,2,0,0,1,1,2,0,0,4
Emmanuel Mudiay,SAC,26,2,0,2,11,3,0,2,0,0,0,0,3,4,75,0,0,0,4,1,1,0,1,0,0,-7
JaQuori McLaughlin,DAL,24,4,2,2,11,0,0,2,0,0,1,0,0,0,0,0,0,0,2,0,0,0,1,0,0,-9
Rob Edwards,OKC,25,2,0,2,11,3,1,4,25,1,4,25,0,0,0,0,3,3,0,1,0,0,0,0,0,-14
Shaq Buchanan,MEM,25,2,2,0,10,2,1,4,25,0,2,0,0,0,0,1,1,2,2,2,1,0,1,0,0,-2
DaQuan Jeffries,MEM,24,3,3,0,9,2,1,2,50,0,1,0,0,0,0,0,2,2,1,0,0,0,1,0,0,-3
MJ Walker,PHX,24,2,1,1,8,0,0,4,0,0,2,0,0,0,0,0,1,1,1,0,2,0,1,0,0,-3
Feron Hunt,NYK,22,2,2,0,8,0,0,2,0,0,0,0,0,0,0,1,0,1,1,1,1,0,1,0,0,-1
Jon Teske,MEM,24,3,3,0,8,0,0,1,0,0,0,0,0,2,0,0,2,2,1,0,1,0,1,0,0,-3
Anthony Lamb,HOU,24,2,0,2,8,0,0,2,0,0,2,0,0,0,0,0,1,1,2,0,0,0,0,0,0,5
Malik Newman,CLE,25,1,0,1,8,8,3,5,60,0,1,0,2,2,100,0,1,1,1,1,0,0,0,0,0,1
Paris Bass,PHX,26,2,2,0,7,6,2,6,33.3,0,2,0,2,2,100,2,2,4,0,2,1,0,2,0,0,2
Jaysean Paige,DET,27,1,1,0,7,0,0,3,0,0,2,0,0,0,0,0,1,1,1,1,0,0,2,0,0,-10
Scottie Lewis,CHA,22,2,1,1,7,1,0,0,0,0,0,0,1,2,50,0,0,0,1,0,1,0,0,0,0,-4
Jordan Goodwin,WAS,23,2,1,1,6,0,0,3,0,0,1,0,0,0,0,0,1,1,0,0,0,0,1,0,0,-8
Jaden Springer,PHI,19,2,2,0,6,2,1,1,100,0,0,0,0,0,0,1,1,2,0,1,0,2,0,0,0,-8
Arnoldas Kulboka,CHA,24,2,2,0,5,0,0,1,0,0,1,0,0,0,0,0,0,0,0,0,0,0,1,0,0,-12
Matt Ryan,BOS,24,1,1,0,5,3,1,5,20,1,5,20,0,0,0,0,0,0,0,0,1,0,0,0,0,3
Zylan Cheatham,UTA,26,1,0,1,5,0,0,3,0,0,2,0,0,0,0,0,0,0,0,0,0,0,0,0,0,-13
Jaime Echenique,WAS,24,1,1,0,3,0,0,0,0,0,0,0,0,0,0,0,0,0,0,0,0,0,0,0,0,-1
Tyrell Terry,MEM,21,2,2,0,3,2,1,1,100,0,0,0,0,0,0,0,0,0,0,0,0,0,1,0,0,-2
Javin DeLaurier,MIL,24,1,1,0,3,0,0,0,0,0,0,0,0,0,0,0,1,1,0,0,1,0,1,0,0,4
Nate Hinton,IND,22,2,0,2,2,0,0,1,0,0,0,0,0,0,0,0,0,0,0,1,0,0,0,0,0,4
Jordan Bell,CHI,27,1,1,0,2,0,0,0,0,0,0,0,0,0,0,1,0,1,0,0,1,0,2,0,0,1
David Johnson,TOR,21,2,2,0,2,0,0,1,0,0,1,0,0,0,0,0,0,0,0,0,0,0,0,0,0,-2
CJ Miles,BOS,35,1,1,0,2,0,0,0,0,0,0,0,0,0,0,0,0,0,0,0,0,0,1,0,0,-5
Joe Johnson,BOS,40,1,1,0,2,2,1,1,100,0,0,0,0,0,0,0,0,0,0,0,0,0,0,0,0,-5
Matt Mooney,NYK,27,1,1,0,2,0,0,1,0,0,1,0,0,0,0,0,0,0,0,1,1,0,0,0,0,-5
Tyler Hall,NYK,25,1,1,0,2,0,0,0,0,0,0,0,0,0,0,0,0,0,0,0,0,0,0,0,0,-5
Ade Murkey,SAC,24,1,0,1,1,0,0,0,0,0,0,0,0,0,0,0,0,0,0,0,0,0,0,0,0,-1
Sam Dekker,TOR,27,1,1,0,1,0,0,0,0,0,0,0,0,0,0,0,0,0,0,0,0,0,0,0,0,-5
DeJon Jarreau,IND,24,1,0,1,1,0,0,0,0,0,0,0,0,0,0,0,0,0,0,0,0,0,0,0,0,2
Ahmad Caver,IND,25,1,0,1,1,2,1,1,100,0,0,0,0,0,0,0,0,0,0,0,0,0,0,0,0,2